ID,vcs201_attendees_total,vcs011_prgrm,month,year,vcs009_country,vcs014_mtg_date
,25,KBK4,1,2013,2,01-Jan-12
,98,KBK4,1,2013,2,01-Jan-12
,31,KBK4,6,2013,2,27-Jun-13
,30,KBK4,6,2013,2,27-Jun-13
,26,KBK4,6,2013,2,27-Jun-13
,32,KBK4,6,2013,2,27-Jun-13
,59,KBK4,6,2013,2,27-Jun-13
,27,KBK4,6,2013,2,27-Jun-13
,33,KBK4,6,2013,2,27-Jun-13
,55,KBK4,6,2013,2,27-Jun-13
,43,KBK4,6,2013,2,28-Jun-13
,27,KBK4,6,2013,2,28-Jun-13
,41,KBK4,6,2013,2,28-Jun-13
,50,KBK4,7,2013,2,01-Jul-13
,27,KBK4,7,2013,2,01-Jul-13
,59,KBK4,7,2013,2,01-Jul-13
,62,KBK4,7,2013,2,02-Jul-13
,50,KBK4,7,2013,2,02-Jul-13
,39,KBK4,7,2013,2,03-Jul-13
,40,KBK4,7,2013,2,03-Jul-13
,30,KBK4,7,2013,2,03-Jul-13
,56,KBK4,7,2013,2,03-Jul-13
,36,KBK4,7,2013,2,03-Jul-13
,35,KBK4,7,2013,2,03-Jul-13
,43,KBK4,7,2013,2,04-Jul-13
,47,KBK4,7,2013,2,04-Jul-13
,49,KBK4,7,2013,2,04-Jul-13
,35,KBK4,7,2013,2,04-Jul-13
,47,KBK4,7,2013,2,05-Jul-13
,35,KBK4,7,2013,2,05-Jul-13
,41,KBK4,7,2013,2,05-Jul-13
,54,KBK4,7,2013,2,05-Jul-13
,39,KBK4,7,2013,2,06-Jul-13
,30,KBK4,7,2013,2,06-Jul-13
,34,KBK4,7,2013,2,06-Jul-13
,35,KBK4,7,2013,2,06-Jul-13
,30,KBK4,7,2013,2,06-Jul-13
,42,KBK4,7,2013,2,06-Jul-13
,32,KBK4,7,2013,2,06-Jul-13
,67,KBK4,7,2013,2,09-Jul-13
,30,KBK4,7,2013,2,09-Jul-13
,400,KBK4,7,2013,2,09-Jul-13
,41,KBK4,7,2013,2,09-Jul-13
,40,KBK4,7,2013,2,09-Jul-13
,95,KBK4,7,2013,2,10-Jul-13
,54,KBK4,7,2013,2,10-Jul-13
,49,KBK4,7,2013,2,10-Jul-13
,31,KBK4,7,2013,2,10-Jul-13
,26,KBK4,7,2013,2,10-Jul-13
,28,KBK4,7,2013,2,10-Jul-13
,59,KBK4,7,2013,2,10-Jul-13
,36,KBK4,7,2013,2,10-Jul-13
,36,KBK4,7,2013,2,10-Jul-13
,50,KBK4,7,2013,2,10-Jul-13
,40,KBK4,7,2013,2,10-Jul-13
,74,KBK4,7,2013,2,10-Jul-13
,36,KBK4,7,2013,2,10-Jul-13
,44,KBK4,7,2013,2,10-Jul-13
,49,KBK4,7,2013,2,10-Jul-13
,69,KBK4,7,2013,2,11-Jul-13
,30,KBK4,7,2013,2,11-Jul-13
,37,KBK4,7,2013,2,11-Jul-13
,41,KBK4,7,2013,2,12-Jul-13
,25,KBK4,7,2013,2,12-Jul-13
,52,KBK4,7,2013,2,12-Jul-13
,80,KBK4,7,2013,2,12-Jul-13
,54,KBK4,7,2013,2,12-Jul-13
,41,KBK4,7,2013,2,12-Jul-13
,47,KBK4,7,2013,2,12-Jul-13
,35,KBK4,7,2013,2,12-Jul-13
,49,KBK4,7,2013,2,13-Jul-13
,36,KBK4,7,2013,2,13-Jul-13
,28,KBK4,7,2013,2,13-Jul-13
,39,KBK4,7,2013,2,13-Jul-13
,27,KBK4,7,2013,2,14-Jul-13
,30,KBK4,7,2013,2,15-Jul-13
,41,KBK4,7,2013,2,16-Jul-13
,53,KBK4,7,2013,2,16-Jul-13
,49,KBK4,7,2013,2,16-Jul-13
,30,KBK4,7,2013,2,16-Jul-13
,54,KBK4,7,2013,2,16-Jul-13
,43,KBK4,7,2013,2,16-Jul-13
,46,KBK4,7,2013,2,16-Jul-13
,40,KBK4,7,2013,2,18-Jul-13
,134,KBK4,7,2013,2,18-Jul-13
,49,KBK4,7,2013,2,19-Jul-13
,40,KBK3,11,2013,2,07-Nov-13
,23,Srk,10,2014,2,14-Aug-14
,20,Mbl1,10,2014,2,30-Jul-14
,32,Srk,10,2014,2,14-Aug-14
,35,Srk,10,2014,2,14-Aug-14
,30,Mbl1,10,2014,2,30-Jul-14
,30,Srk,10,2014,2,14-Aug-14
,30,Mbl1,10,2014,2,30-Jul-14
,36,Srk,10,2014,2,14-Aug-14
,52,Mbl1,10,2014,2,30-Jul-14
,25,Srk,10,2014,2,14-Aug-14
,50,Srk,10,2014,2,14-Aug-14
,32,Srk,10,2014,2,14-Aug-14
,31,Srk,10,2014,2,14-Aug-14
,23,Srk,10,2014,2,14-Aug-14
,25,Srk,10,2014,2,14-Aug-14
,19,Mbl1,10,2014,2,30-Jul-14
,36,Srk,10,2014,2,14-Aug-14
,18,Mbl1,10,2014,2,30-Jul-14
,41,Srk,10,2014,2,14-Aug-14
,35,Srk,10,2014,2,14-Aug-14
,37,Srk,10,2014,2,14-Aug-14
,42,Mbl1,10,2014,2,30-Jul-14
,39,Srk,10,2014,2,14-Aug-14
,47,Mbl1,10,2014,2,30-Jul-14
,30,Mbl1,10,2014,2,30-Jul-14
,42,Mbl1,10,2014,2,30-Jul-14
,32,Srk,10,2014,2,14-Aug-14
,38,Srk,10,2014,2,14-Aug-14
,30,Srk,10,2014,2,14-Aug-14
,29,Mbl1,10,2014,2,30-Jul-14
,23,Srk,10,2014,2,14-Aug-14
,24,Srk,10,2014,2,14-Aug-14
,24,Srk,10,2014,2,14-Aug-14
,38,Mfw,10,2014,2,21-Jan-14
,34,Mfw,10,2014,2,21-Jan-14
,64,Mbl1,10,2014,2,30-Jul-14
,42,Srk,10,2014,2,14-Aug-14
,27,Mbl1,10,2014,2,30-Jul-14
,30,Srk,10,2014,2,14-Aug-14
,75,Mfw,10,2014,2,21-Jan-14
,44,Srk,10,2014,2,14-Aug-14
,28,Srk,10,2014,2,14-Aug-14
,11,Srk,10,2014,2,14-Aug-14
,29,Srk,10,2014,2,14-Aug-14
,31,Srk,10,2014,2,14-Aug-14
,53,Mfw,10,2014,2,21-Jan-14
,28,Srk,10,2014,2,14-Aug-14
,66,Srk,10,2014,2,14-Aug-14
,34,Mfw,10,2014,2,21-Jan-14
,24,Mbl1,10,2014,2,30-Jul-14
,33,Srk,10,2014,2,14-Aug-14
,61,Mfw,10,2014,2,21-Jan-14
,20,Srk,10,2014,2,14-Aug-14
,53,Mfw,10,2014,2,21-Jan-14
,27,Mbl1,10,2014,2,30-Jul-14
,26,Srk,10,2014,2,14-Aug-14
,37,Mfw,10,2014,2,21-Jan-14
,98,Mfw,10,2014,2,21-Jan-14
,24,Srk,10,2014,2,14-Aug-14
,31,Mfw,10,2014,2,21-Jan-14
,31,Mbl1,10,2014,2,30-Jul-14
,50,Mfw,10,2014,2,21-Jan-14
,45,Mfw,10,2014,2,21-Jan-14
,54,Mbl1,10,2014,2,30-Jul-14
,17,Mbl1,10,2014,2,30-Jul-14
,23,Mbl1,10,2014,2,30-Jul-14
,55,Mfw,10,2014,2,21-Jan-14
,32,Mfw,10,2014,2,21-Jan-14
,39,Mfw,10,2014,2,21-Jan-14
,45,Srk,10,2014,2,14-Aug-14
,43,Mfw,10,2014,2,21-Jan-14
,21,Srk,10,2014,2,14-Aug-14
,49,Mfw,10,2014,2,21-Jan-14
,29,Srk,10,2014,2,14-Aug-14
,33,Mfw,10,2014,2,21-Jan-14
,63,Mbl1,10,2014,2,30-Jul-14
,32,Srk,10,2014,2,14-Aug-14
,34,Mfw,10,2014,2,21-Jan-14
,30,Srk,10,2014,2,14-Aug-14
,33,Mfw,10,2014,2,21-Jan-14
,22,Srk,10,2014,2,14-Aug-14
,31,Mfw,10,2014,2,21-Jan-14
,44,Mfw,10,2014,2,21-Jan-14
,41,Mfw,10,2014,2,21-Jan-14
,97,Mfw,10,2014,2,21-Jan-14
,30,Srk,10,2014,2,14-Aug-14
,23,Srk,10,2014,2,14-Aug-14
,54,Mbl1,10,2014,2,30-Jul-14
,29,Srk,10,2014,2,14-Aug-14
,36,Mfw,10,2014,2,21-Jan-14
,30,Srk,10,2014,2,14-Aug-14
,46,Mfw,10,2014,2,21-Jan-14
,42,Mfw,10,2014,2,21-Jan-14
,45,Srk,10,2014,2,14-Aug-14
,49,Srk,10,2014,2,14-Aug-14
,27,Mfw,10,2014,2,21-Jan-14
,45,Srk,10,2014,2,14-Aug-14
,23,Srk,10,2014,2,14-Aug-14
,36,Mfw,10,2014,2,21-Jan-14
,30,Srk,10,2014,2,14-Aug-14
,30,Mbl1,10,2014,2,30-Jul-14
,22,Mbl1,10,2014,2,30-Jul-14
,36,Mfw,10,2014,2,21-Jan-14
,35,Mbl1,10,2014,2,30-Jul-14
,30,Mbl1,10,2014,2,30-Jul-14
,35,Mbl1,10,2014,2,30-Jul-14
,108,Srk,10,2014,2,14-Aug-14
,36,Mfw,10,2014,2,21-Jan-14
,22,Srk,10,2014,2,14-Aug-14
,28,Srk,10,2014,2,14-Aug-14
,51,Mbl1,10,2014,2,30-Jul-14
,60,Mfw,10,2014,2,21-Jan-14
,40,Mfw,10,2014,2,21-Jan-14
,74,Mfw,10,2014,2,21-Jan-14
,29,Srk,10,2014,2,14-Aug-14
,34,Mbl1,10,2014,2,30-Jul-14
,48,Mfw,10,2014,2,21-Jan-14
,33,Srk,10,2014,2,14-Aug-14
,30,Mbl1,10,2014,2,21-Oct-14
,50,Mfw,10,2014,2,21-Jan-14
,29,Mfw,10,2014,2,21-Jan-14
,28,Srk,10,2014,2,14-Aug-14
,46,Srk,10,2014,2,14-Aug-14
,51,Mfw,10,2014,2,21-Jan-14
,61,Mfw,10,2014,2,21-Jan-14
,27,Mbl1,10,2014,2,30-Jul-14
,33,Mbl1,10,2014,2,30-Jul-14
,28,Srk,10,2014,2,14-Aug-14
,29,Srk,10,2014,2,14-Aug-14
,46,Mfw,10,2014,2,21-Jan-14
,114,Mfw,10,2014,2,21-Jan-14
,33,Mfw,10,2014,2,21-Jan-14
,24,Srk,10,2014,2,14-Aug-14
,25,Srk,10,2014,2,14-Aug-14
,45,Srk,10,2014,2,14-Aug-14
,66,Mfw,10,2014,2,21-Jan-14
,30,Mbl1,10,2014,2,30-Jul-14
,34,Srk,10,2014,2,14-Aug-14
,31,Srk,10,2014,2,14-Aug-14
,32,Srk,10,2014,2,14-Aug-14
,41,Mbl1,10,2014,2,30-Jul-14
,38,Mfw,10,2014,2,21-Jan-14
,49,Mfw,10,2014,2,21-Jan-14
,36,Mfw,10,2014,2,21-Jan-14
,51,Mfw,10,2014,2,21-Jan-14
,38,Mfw,10,2014,2,21-Jan-14
,57,Mfw,10,2014,2,21-Jan-14
,16,Srk,10,2014,2,14-Aug-14
,36,Srk,10,2014,2,14-Aug-14
,54,Mfw,10,2014,2,21-Jan-14
,72,Mfw,10,2014,2,21-Jan-14
,23,Srk,10,2014,2,14-Aug-14
,88,Mfw,10,2014,2,21-Jan-14
,49,Mbl1,10,2014,2,30-Jul-14
,31,Mfw,10,2014,2,21-Jan-14
,29,Mfw,10,2014,2,04-Dec-13
,26,Mfw,10,2014,2,21-Jan-14
,28,Mfw,10,2014,2,21-Jan-14
,53,Mfw,10,2014,2,21-Jan-14
,999,Mfw,10,2014,2,21-Jan-14
,32,Srk,10,2014,2,14-Aug-14
,71,Mfw,10,2014,2,21-Jan-14
,36,Srk,10,2014,2,14-Aug-14
,39,Srk,10,2014,2,14-Aug-14
,16,Srk,10,2014,2,14-Aug-14
,33,Mfw,10,2014,2,21-Jan-14
,113,Mfw,10,2014,2,21-Jan-14
,70,Mfw,10,2014,2,21-Jan-14
,44,Mfw,10,2014,2,21-Jan-14
,30,Mbl1,10,2014,2,30-Jul-14
,27,Srk,10,2014,2,14-Aug-14
,24,Srk,10,2014,2,14-Aug-14
,47,Mfw,10,2014,2,04-Dec-13
,50,Mfw,10,2014,2,21-Jan-14
,43,Mbl1,10,2014,2,30-Jul-14
,32,Srk,10,2014,2,14-Aug-14
,32,Mbl1,10,2014,2,30-Jul-14
,66,Srk,10,2014,2,14-Aug-14
,27,Srk,10,2014,2,14-Aug-14
,60,Mfw,10,2014,2,21-Jan-14
,25,Mbl1,10,2014,2,30-Jul-14
,21,Mbl1,10,2014,2,30-Jul-14
,60,Mbl1,10,2014,2,30-Jul-14
,25,Srk,10,2014,2,14-Aug-14
,64,Mfw,10,2014,2,21-Jan-14
,41,Mfw,10,2014,2,21-Jan-14
,74,Mfw,10,2014,2,21-Jan-14
,27,Mbl1,10,2014,2,30-Jul-14
,35,Mbl1,10,2014,2,30-Jul-14
,49,Mfw,10,2014,2,21-Jan-14
,67,Mfw,10,2014,2,21-Jan-14
,35,Mfw,10,2014,2,21-Jan-14
,45,Mbl1,10,2014,2,30-Jul-14
,43,Mfw,10,2014,2,21-Jan-14
,71,Mfw,10,2014,2,21-Jan-14
,27,Srk,10,2014,2,14-Aug-14
,37,Srk,10,2014,2,14-Aug-14
,45,Mfw,10,2014,2,21-Jan-14
,34,Mbl1,10,2014,2,30-Jul-14
,30,Srk,10,2014,2,14-Aug-14
,39,Mfw,10,2014,2,02-Dec-13
,47,Mfw,10,2014,2,21-Jan-14
,28,Srk,10,2014,2,14-Aug-14
,27,Srk,10,2014,2,14-Aug-14
,30,Srk,10,2014,2,14-Aug-14
,76,Mbl1,10,2014,2,30-Jul-14
,23,Srk,10,2014,2,14-Aug-14
,21,Srk,10,2014,2,14-Aug-14
,34,Mfw,10,2014,2,21-Jan-14
,60,Mfw,10,2014,2,21-Jan-14
,31,Mbl1,10,2014,2,30-Jul-14
,48,Srk,10,2014,2,14-Aug-14
,32,Srk,10,2014,2,14-Aug-14
,29,Srk,10,2014,2,14-Aug-14
,35,Srk,10,2014,2,14-Aug-14
,31,Srk,10,2014,2,14-Aug-14
,38,Mbl1,10,2014,2,30-Jul-14
,48,Mfw,10,2014,2,21-Jan-14
,33,Srk,10,2014,2,14-Aug-14
,31,Srk,10,2014,2,14-Aug-14
,55,Mfw,10,2014,2,21-Jan-14
,31,Mfw,10,2014,2,21-Jan-14
,34,Mfw,10,2014,2,21-Jan-14
,29,Mfw,10,2014,2,21-Jan-14
,34,Mfw,10,2014,2,21-Jan-14
,44,Srk,10,2014,2,14-Aug-14
,39,Srk,10,2014,2,14-Aug-14
,31,Srk,10,2014,2,14-Aug-14
,23,Mfw,10,2014,2,21-Jan-14
,36,Srk,10,2014,2,14-Aug-14
,31,Mbl1,10,2014,2,30-Jul-14
,36,Mbl1,10,2014,2,30-Jul-14
,22,Srk,10,2014,2,14-Aug-14
,48,Mbl1,10,2014,2,30-Jul-14
,74,Mfw,10,2014,2,21-Jan-14
,36,Mfw,10,2014,2,21-Jan-14
,34,Mbl1,10,2014,2,30-Jul-14
,41,Mbl1,10,2014,2,30-Jul-14
,48,Mfw,10,2014,2,21-Jan-14
,49,Mfw,10,2014,2,21-Jan-14
,24,Srk,10,2014,2,14-Aug-14
,54,Mfw,10,2014,2,21-Jan-14
,85,Mfw,10,2014,2,21-Jan-14
,55,Mfw,10,2014,2,21-Jan-14
,70,Mfw,10,2014,2,21-Jan-14
,31,Mfw,10,2014,2,21-Jan-14
,75,Mbl1,10,2014,2,30-Jul-14
,35,Mbl1,10,2014,2,30-Jul-14
,24,Mbl1,10,2014,2,30-Jul-14
,30,Mbl1,10,2014,2,30-Jul-14
,29,Srk,10,2014,2,14-Aug-14
,56,Mfw,10,2014,2,19-Dec-13
,53,Mfw,10,2014,2,11-Jan-14
,32,Mfw,10,2014,2,10-Jan-13
,63,Mfw,10,2014,2,09-Jan-14
,24,Srk,10,2014,2,18-Jun-14
,18,Srk,10,2014,2,21-Jun-14
,22,Srk,10,2014,2,17-Jul-14
,40,Mfw,10,2014,2,07-Dec-13
,25,Srk,10,2014,2,10-Jul-14
,69,Mfw,10,2014,2,14-Nov-13
,61,Mfw,10,2014,2,08-Jan-14
,125,Mfw,10,2014,2,19-Dec-13
,64,Mfw,10,2014,2,16-Dec-13
,46,Mfw,10,2014,2,14-Nov-13
,45,Mfw,10,2014,2,14-Dec-13
,19,Srk,10,2014,2,07-Jul-14
,40,Srk,10,2014,2,07-Jul-14
,26,Mfw,10,2014,2,02-Dec-13
,40,Srk,10,2014,2,04-Sep-13
,63,Srk,10,2014,2,03-Dec-13
,26,Mbl1,10,2014,2,21-Jun-14
,32,Mbl1,10,2014,2,14-Jul-14
,33,Srk,10,2014,2,20-Jun-14
,69,Mfw,10,2014,2,08-Jan-14
,45,Mbl1,10,2014,2,08-Jul-14
,49,Mfw,10,2014,2,18-Dec-13
,50,Srk,10,2014,2,03-Dec-13
,63,Srk,10,2014,2,25-Jun-14
,21,Srk,10,2014,2,02-Jul-14
,49,Mfw,10,2014,2,10-Jan-14
,69,Mfw,10,2014,2,02-Dec-13
,67,Mfw,10,2014,2,21-Jan-14
,80,Mfw,10,2014,2,17-Dec-13
,60,Mbl1,10,2014,2,21-Jun-14
,38,Mfw,10,2014,2,19-Dec-13
,36,Srk,10,2014,2,11-Jul-14
,47,Mfw,10,2014,2,14-Dec-13
,46,Mfw,10,2014,2,14-Dec-13
,37,Srk,10,2014,2,26-Nov-13
,40,Mfw,10,2014,2,16-Dec-13
,32,Srk,10,2014,2,18-Jun-14
,20,Srk,10,2014,2,08-Jul-14
,27,Srk,10,2014,2,04-Jul-14
,50,Mbl1,10,2014,2,07-Jul-14
,53,Mfw,10,2014,2,10-Jan-14
,45,Mfw,10,2014,2,09-Jan-14
,54,Mbl1,10,2014,2,08-Jul-14
,23,Srk,10,2014,2,19-Jun-14
,35,Srk,10,2014,2,14-Jul-14
,42,Mbl1,10,2014,2,21-Jul-14
,30,Srk,10,2014,2,12-Jul-14
,57,Mfw,10,2014,2,19-Dec-13
,52,Mfw,10,2014,2,13-Dec-13
,47,Mfw,10,2014,2,09-Jan-14
,45,Mfw,10,2014,2,03-Dec-13
,68,Mfw,10,2014,2,21-Jan-14
,50,Srk,10,2014,2,03-Dec-13
,48,Srk,10,2014,2,03-Dec-13
,29,Srk,10,2014,2,09-Jul-14
,35,Mbl1,10,2014,2,08-Jul-14
,31,Mbl1,10,2014,2,08-Jul-14
,33,Srk,10,2014,2,10-Jul-14
,147,Srk,10,2014,2,17-Jul-14
,45,Mbl1,10,2014,2,17-Jul-14
,42,Mfw,10,2014,2,26-Nov-13
,37,Mbl1,10,2014,2,14-Jul-14
,94,Mfw,10,2014,2,02-Dec-13
,70,Mfw,10,2014,2,07-Dec-13
,63,Mfw,10,2014,2,16-Dec-13
,43,Mfw,10,2014,2,14-Nov-13
,51,Mbl1,10,2014,2,09-Jul-14
,34,Mfw,10,2014,2,18-Dec-13
,80,Mfw,10,2014,2,13-Nov-13
,38,Srk,10,2014,2,11-Jul-14
,48,Mfw,10,2014,2,18-Dec-13
,100,Mfw,10,2014,2,09-Jan-14
,44,Mfw,10,2014,2,13-Nov-13
,35,Mbl1,10,2014,2,04-Jun-14
,27,Srk,10,2014,2,08-Jul-14
,71,Mfw,10,2014,2,19-Dec-13
,31,Mbl1,10,2014,2,12-Jul-14
,86,Mfw,10,2014,2,16-Dec-13
,61,Mfw,10,2014,2,09-Jan-14
,68,Mfw,10,2014,2,17-Dec-13
,70,Mfw,10,2014,2,16-Dec-13
,52,Mfw,10,2014,2,21-Jan-14
,41,Mfw,10,2014,2,07-Dec-13
,30,Mbl1,10,2014,2,24-Jun-14
,26,Mfw,10,2014,2,13-Nov-13
,45,Mfw,10,2014,2,02-Dec-13
,27,Srk,10,2014,2,16-Jul-14
,47,Srk,10,2014,2,04-Dec-13
,41,Srk,10,2014,2,20-Jun-14
,29,Srk,10,2014,2,07-Jul-14
,98,Mfw,10,2014,2,17-Dec-13
,81,Mfw,10,2014,2,09-Jan-14
,48,Mfw,10,2014,2,09-Jan-14
,31,Srk,10,2014,2,03-Jul-14
,30,Srk,10,2014,2,27-Jun-14
,33,Mfw,10,2014,2,04-Dec-13
,94,Mfw,10,2014,2,16-Dec-13
,29,Mbl1,10,2014,2,09-Jul-14
,82,Mfw,10,2014,2,18-Dec-13
,102,Mfw,10,2014,2,17-Dec-13
,43,Mbl1,10,2014,2,30-Jul-14
,50,Mbl1,10,2014,2,30-Jul-14
,62,Mfw,10,2014,2,08-Jan-14
,26,Mbl1,10,2014,2,07-Jul-14
,47,Srk,10,2014,2,03-Jul-14
,79,Mfw,10,2014,2,19-Dec-13
,39,Mfw,10,2014,2,13-Nov-13
,29,Srk,10,2014,2,20-Jun-14
,31,Srk,10,2014,2,07-Jul-14
,35,Mbl1,10,2014,2,12-Jul-14
,43,Mbl1,10,2014,2,15-Jul-14
,41,Mfw,10,2014,2,05-Dec-13
,25,Srk,10,2014,2,01-Jul-14
,63,Mbl1,10,2014,2,08-Jul-14
,98,Srk,10,2014,2,20-Jun-14
,42,Mfw,10,2014,2,11-Jan-14
,19,Srk,10,2014,2,07-Jul-14
,66,Srk,10,2014,2,02-Oct-13
,40,Srk,10,2014,2,08-Jul-14
,83,Mfw,10,2014,2,21-Jan-14
,68,Mfw,10,2014,2,18-Dec-13
,57,Srk,10,2014,2,03-Jul-14
,39,Srk,10,2014,2,23-Jul-14
,38,Mfw,10,2014,2,05-Dec-13
,48,Mbl1,10,2014,2,16-Jul-14
,43,Mfw,10,2014,2,19-Nov-13
,26,Srk,10,2014,2,02-Jul-14
,97,Mfw,10,2014,2,13-Jan-14
,41,Mfw,10,2014,2,14-Dec-13
,70,Mbl1,10,2014,2,07-Jul-14
,33,Mbl1,10,2014,2,25-Jun-14
,88,Mfw,10,2014,2,16-Dec-13
,63,Mfw,10,2014,2,19-Dec-13
,24,Mbl1,10,2014,2,17-Jul-14
,26,Mfw,10,2014,2,14-Nov-13
,36,Mfw,10,2014,2,16-Dec-13
,31,Srk,10,2014,2,09-Jul-14
,74,Mfw,10,2014,2,09-Jan-14
,60,Mfw,10,2014,2,19-Dec-13
,63,Mbl1,10,2014,2,15-Jul-14
,34,Srk,10,2014,2,19-Jun-14
,24,Srk,10,2014,2,04-Jul-14
,30,Srk,10,2014,2,03-Oct-13
,49,Mfw,10,2014,2,18-Dec-13
,26,Srk,10,2014,2,30-Jun-14
,20,Srk,10,2014,2,08-Jul-14
,32,Mbl1,10,2014,2,14-Jul-14
,76,Mfw,10,2014,2,18-Dec-13
,35,Mfw,10,2014,2,21-Jan-14
,159,Mfw,10,2014,2,13-Dec-13
,19,Mbl1,10,2014,2,02-Jul-14
,19,Srk,10,2014,2,19-Jun-14
,28,Srk,10,2014,2,28-Jun-14
,37,Mfw,10,2014,2,09-Jan-14
,37,Mfw,10,2014,2,19-Dec-13
,56,Mfw,10,2014,2,10-Jan-13
,30,Srk,10,2014,2,10-Jul-14
,56,Mfw,10,2014,2,13-Dec-13
,43,Srk,10,2014,2,04-Dec-13
,36,Mfw,10,2014,2,17-Dec-13
,27,Mfw,10,2014,2,09-Jan-14
,41,Srk,10,2014,2,23-Jun-14
,24,Mfw,10,2014,2,13-Nov-13
,25,Srk,10,2014,2,08-Jul-14
,69,Srk,10,2014,2,26-Jun-14
,46,Mbl1,10,2014,2,16-Jul-14
,78,Mfw,10,2014,2,02-Dec-13
,23,Srk,10,2014,2,26-Jun-14
,24,Srk,10,2014,2,09-Jul-14
,43,Mbl1,10,2014,2,17-Jul-14
,21,Mbl1,10,2014,2,12-Jul-14
,33,Mfw,10,2014,2,14-Dec-13
,65,Mfw,10,2014,2,16-Dec-13
,26,Srk,10,2014,2,02-Dec-13
,40,Mfw,10,2014,2,14-Nov-13
,52,Mfw,10,2014,2,08-Jan-14
,40,Mfw,10,2014,2,21-Jan-14
,53,Srk,10,2014,2,04-Nov-13
,26,Mfw,10,2014,2,06-Dec-13
,25,Srk,10,2014,2,18-Jun-14
,32,Mfw,10,2014,2,08-Jan-14
,46,Mbl1,10,2014,2,03-Jul-14
,62,Srk,10,2014,2,03-Dec-13
,74,Mfw,10,2014,2,05-Dec-13
,40,Mfw,10,2014,2,13-Nov-13
,29,Mbl1,10,2014,2,20-Jun-14
,38,Srk,10,2014,2,07-Jul-14
,21,Mfw,10,2014,2,02-Nov-13
,63,Srk,10,2014,2,04-Dec-13
,31,Srk,10,2014,2,12-Jul-14
,29,Mbl1,10,2014,2,01-Jul-14
,40,Mfw,10,2014,2,07-Dec-13
,27,Srk,10,2014,2,02-Jul-14
,33,Srk,10,2014,2,25-Jun-14
,41,Mfw,10,2014,2,14-Dec-13
,73,Mfw,10,2014,2,16-Dec-13
,21,Srk,10,2014,2,20-Jun-14
,30,Srk,10,2014,2,07-Jul-14
,26,Srk,10,2014,2,07-Jul-14
,30,Mfw,10,2014,2,13-Jan-14
,41,Srk,10,2014,2,04-Dec-13
,50,Mfw,10,2014,2,14-Nov-13
,55,Mfw,10,2014,2,16-Dec-13
,35,Mbl1,10,2014,2,12-Jul-14
,54,Srk,10,2014,2,25-Jun-14
,25,Srk,10,2014,2,18-Jun-14
,42,Mfw,10,2014,2,19-Dec-13
,46,Mbl1,10,2014,2,14-Jul-14
,74,Mfw,10,2014,2,05-Dec-13
,24,Srk,10,2014,2,04-Jul-14
,55,Mfw,10,2014,2,18-Dec-13
,96,Mfw,10,2014,2,22-Dec-13
,119,Mfw,10,2014,2,03-Dec-13
,80,Mfw,10,2014,2,17-Dec-13
,49,Mfw,10,2014,2,09-Jan-14
,34,Srk,10,2014,2,11-Jul-14
,28,Srk,10,2014,2,04-Jul-14
,70,Mfw,10,2014,2,14-Dec-13
,38,Srk,10,2014,2,21-Jun-14
,27,Mfw,10,2014,2,18-Dec-13
,32,Mbl1,10,2014,2,11-Jul-14
,55,Mbl1,10,2014,2,07-Jul-14
,46,Mbl1,10,2014,2,12-Jun-14
,31,Srk,10,2014,2,26-Jun-14
,72,Mfw,10,2014,2,18-Dec-13
,42,Mfw,10,2014,2,17-Dec-13
,33,Mbl1,10,2014,2,19-Jul-14
,73,Mfw,10,2014,2,18-Dec-13
,38,Srk,10,2014,2,16-Jun-14
,30,Srk,10,2014,2,28-Jun-14
,37,Mbl1,10,2014,2,22-Jul-14
,108,Mfw,10,2014,2,16-Dec-13
,35,Mfw,10,2014,2,04-Dec-13
,28,Mbl1,10,2014,2,11-Jul-14
,26,Mfw,10,2014,2,14-Dec-13
,40,Mbl1,10,2014,2,21-Jun-14
,66,Mfw,10,2014,2,06-Dec-13
,44,Mbl1,10,2014,2,30-Jul-14
,40,Srk,10,2014,2,19-Jun-14
,33,Srk,10,2014,2,08-Jul-14
,48,Mfw,10,2014,2,09-Jan-14
,39,Mfw,10,2014,2,07-Dec-13
,49,Mfw,10,2014,2,21-Jan-14
,53,Mfw,10,2014,2,18-Dec-13
,62,Mbl1,10,2014,2,21-Jun-14
,88,Mfw,10,2014,2,04-Dec-13
,22,Mbl1,10,2014,2,07-Jul-14
,35,Srk,10,2014,2,08-Jul-14
,54,Mbl1,10,2014,2,30-Jul-14
,37,Mbl1,10,2014,2,23-Jun-14
,25,Srk,10,2014,2,03-Jul-14
,40,Mfw,10,2014,2,14-Nov-13
,29,Srk,10,2014,2,09-Jul-14
,52,Mfw,10,2014,2,04-Dec-13
,24,Srk,10,2014,2,01-Jul-14
,33,Srk,10,2014,2,20-Jun-14
,54,Mfw,10,2014,2,02-Dec-13
,52,Mfw,10,2014,2,04-Dec-13
,53,Mbl1,10,2014,2,16-Jul-14
,27,Mbl1,10,2014,2,17-Jul-14
,49,Srk,10,2014,2,02-Dec-13
,79,Mfw,10,2014,2,07-Dec-13
,34,Mfw,10,2014,2,10-Jan-14
,45,Srk,10,2014,2,03-Nov-13
,32,Srk,10,2014,2,08-Jul-14
,44,Srk,10,2014,2,28-Jun-14
,33,Srk,10,2014,2,08-Jul-14
,31,Mbl1,10,2014,2,30-Jul-14
,58,Mbl1,10,2014,2,09-Jul-14
,61,Srk,10,2014,2,26-Jun-14
,40,Mbl1,10,2014,2,12-Jul-14
,66,Srk,10,2014,2,25-Jun-14
,42,Mbl1,10,2014,2,12-Jul-14
,73,Mfw,10,2014,2,14-Dec-13
,34,Mfw,10,2014,2,17-Dec-13
,59,Mfw,10,2014,2,05-Dec-13
,43,Mfw,10,2014,2,19-Dec-13
,19,Srk,10,2014,2,30-Jun-14
,38,Mbl1,10,2014,2,03-Jul-14
,30,Mbl1,10,2014,2,09-Jul-14
,25,Srk,10,2014,2,28-Jun-14
,73,Mfw,10,2014,2,17-Dec-13
,36,Mfw,10,2014,2,19-Dec-13
,36,Mbl1,10,2014,2,30-Jul-14
,59,Mfw,10,2014,2,12-Nov-13
,49,Mfw,10,2014,2,10-Jan-14
,45,Mfw,10,2014,2,19-Dec-13
,45,Srk,10,2014,2,16-Jul-14
,31,Srk,10,2014,2,10-Jul-14
,22,Srk,10,2014,2,10-Jul-14
,41,Srk,10,2014,2,26-Jun-14
,43,Mfw,10,2014,2,07-Nov-13
,41,Mfw,10,2014,2,04-Dec-13
,22,Srk,10,2014,2,27-Jun-14
,42,Mbl1,10,2014,2,07-Jul-14
,35,Mfw,10,2014,2,11-Jan-14
,54,Mbl1,10,2014,2,09-Jul-14
,35,Srk,10,2014,2,21-Jun-14
,86,Mbl1,10,2014,2,30-Jul-14
,45,Mfw,10,2014,2,14-Dec-13
,37,Srk,10,2014,2,12-Jul-14
,38,Mfw,10,2014,2,13-Dec-13
,31,Srk,10,2014,2,19-Jun-14
,83,Mfw,10,2014,2,06-Dec-13
,37,Srk,10,2014,2,01-Jul-14
,43,Mbl1,10,2014,2,17-Jul-14
,66,Mfw,10,2014,2,18-Dec-13
,52,Mfw,10,2014,2,18-Dec-13
,49,Mbl1,10,2014,2,15-Jul-14
,49,Mfw,10,2014,2,10-Jan-14
,31,Mbl1,10,2014,2,09-Jul-14
,44,Mfw,10,2014,2,08-Jan-14
,27,Srk,10,2014,2,16-Jun-14
,42,Mfw,10,2014,2,06-Dec-13
,49,Srk,10,2014,2,03-Jul-14
,46,Srk,10,2014,2,10-Jul-14
,73,Srk,10,2014,2,17-Jun-14
,27,Mfw,10,2014,2,14-Dec-13
,38,Mfw,10,2014,2,13-Nov-13
,38,Srk,10,2014,2,10-Jul-14
,26,Srk,10,2014,2,24-Jun-14
,35,Mfw,10,2014,2,29-Nov-13
,38,Mfw,10,2014,2,30-Nov-13
,32,Mfw,10,2014,2,29-Nov-13
,39,Mbl1,10,2014,2,14-Jul-14
,51,Srk,10,2014,2,14-Jul-14
,25,Srk,10,2014,2,08-Jul-14
,41,Mfw,10,2014,2,13-Dec-13
,49,Srk,10,2014,2,30-Jun-14
,58,Mfw,10,2014,2,13-Dec-13
,36,Srk,10,2014,2,01-Jul-14
,49,Mbl1,10,2014,2,24-Jun-14
,38,Srk,10,2014,2,25-Jun-14
,40,Mbl1,10,2014,2,02-Jul-14
,47,Srk,10,2014,2,10-Jul-14
,28,Srk,10,2014,2,27-Jun-14
,71,Mfw,10,2014,2,13-Dec-13
,46,Mbl1,10,2014,2,03-Jul-14
,71,Mfw,10,2014,2,10-Nov-13
,33,Srk,10,2014,2,17-Jun-14
,31,Srk,10,2014,2,03-Jul-14
,41,Mbl1,10,2014,2,30-Jul-14
,44,Mfw,10,2014,2,09-Dec-13
,28,Srk,10,2014,2,17-Jul-14
,35,Srk,10,2014,2,25-Jun-14
,49,Srk,10,2014,2,25-Jun-14
,37,Mbl1,10,2014,2,16-Jul-14
,41,Srk,10,2014,2,25-Jun-14
,36,Srk,10,2014,2,19-Jul-14
,25,Srk,10,2014,2,01-Jul-14
,24,Mbl1,10,2014,2,02-Jul-14
,30,Mbl1,10,2014,2,24-Jul-14
,34,Mfw,10,2014,2,09-Dec-13
,28,Srk,10,2014,2,23-Jun-14
,23,Srk,10,2014,2,23-Jun-14
,35,Mfw,10,2014,2,07-Dec-13
,39,Mbl1,10,2014,2,15-Jul-14
,41,Srk,10,2014,2,26-Jun-14
,38,Mfw,10,2014,2,29-Nov-13
,26,Mfw,10,2014,2,14-Nov-13
,48,Mfw,10,2014,2,14-Dec-13
,52,Mfw,10,2014,2,21-Nov-13
,37,Mbl1,10,2014,2,02-Jul-14
,28,Srk,10,2014,2,21-Jul-14
,28,Srk,10,2014,2,25-Jun-14
,24,Mfw,10,2014,2,22-Nov-13
,24,Srk,10,2014,2,20-Jun-14
,26,Mfw,10,2014,2,30-Nov-13
,92,Mfw,10,2014,2,16-Dec-13
,72,Mfw,10,2014,2,04-Dec-13
,26,Mbl1,10,2014,2,16-Jul-14
,31,Srk,10,2014,2,11-Jul-14
,21,Mbl1,10,2014,2,02-Jul-14
,41,Mfw,10,2014,2,06-Dec-13
,41,Mfw,10,2014,2,14-Nov-13
,35,Mfw,10,2014,2,14-Dec-13
,33,Srk,10,2014,2,18-Jun-14
,43,Mfw,10,2014,2,02-Dec-13
,22,Srk,10,2014,2,25-Jun-14
,16,Srk,10,2014,2,11-Jul-14
,36,Mbl1,10,2014,2,03-Jul-14
,33,Mbl1,10,2014,2,30-Jun-14
,24,Mbl1,10,2014,2,02-Jul-14
,19,Srk,10,2014,2,30-Jun-14
,37,Mbl1,10,2014,2,01-Jul-14
,42,Mbl1,10,2014,2,17-Jul-14
,32,Mfw,10,2014,2,30-Nov-13
,44,Srk,10,2014,2,08-Jul-14
,50,Mfw,10,2014,2,09-Dec-13
,46,Srk,10,2014,2,02-Jul-14
,30,Mbl1,10,2014,2,15-Jul-14
,46,Mfw,10,2014,2,30-Nov-13
,33,Srk,10,2014,2,24-Jun-14
,40,Mfw,10,2014,2,19-Dec-13
,37,Srk,10,2014,2,18-Jun-14
,34,Mbl1,10,2014,2,30-Jun-14
,67,Mbl1,10,2014,2,12-Jul-14
,35,Srk,10,2014,2,04-Jul-14
,41,Srk,10,2014,2,18-Jun-14
,26,Mbl1,10,2014,2,25-Jun-14
,38,Mfw,10,2014,2,13-Nov-13
,24,Srk,10,2014,2,01-Jul-14
,43,Srk,10,2014,2,26-Jun-14
,54,Srk,10,2014,2,20-Jun-14
,49,Srk,10,2014,2,20-Jun-14
,25,Srk,10,2014,2,10-Jul-14
,66,Mfw,10,2014,2,07-Dec-13
,44,Mfw,10,2014,2,09-Dec-13
,23,Srk,10,2014,2,03-Jul-14
,42,Srk,10,2014,2,20-Jun-14
,24,Mbl1,10,2014,2,02-Jul-14
,72,Mbl1,10,2014,2,24-Jun-14
,42,Mfw,10,2014,2,13-Nov-13
,25,Srk,10,2014,2,05-Jul-14
,40,Mfw,10,2014,2,14-Nov-13
,48,Mbl1,10,2014,2,12-Jul-14
,72,Mfw,10,2014,2,22-Nov-13
,27,Srk,10,2014,2,11-Jul-14
,365,Srk,10,2014,2,08-Jul-14
,53,Mfw,10,2014,2,14-Dec-13
,19,Mbl1,10,2014,2,19-Jul-14
,38,Mbl1,10,2014,2,25-Jun-14
,35,Mfw,10,2014,2,07-Dec-13
,35,Srk,10,2014,2,25-Jun-14
,75,Mfw,10,2014,2,04-Dec-13
,36,Srk,10,2014,2,16-Jul-14
,30,Srk,10,2014,2,01-Jul-14
,29,Srk,10,2014,2,03-Jul-14
,33,Srk,10,2014,2,04-Jul-14
,39,Mbl1,10,2014,2,04-Jul-14
,22,Srk,10,2014,2,25-Jun-14
,30,Srk,10,2014,2,08-Jul-14
,65,Mbl1,10,2014,2,05-Jul-14
,53,Mbl1,10,2014,2,11-Jul-14
,62,Srk,10,2014,2,25-Jun-14
,37,Srk,10,2014,2,04-Jul-14
,20,Mbl1,10,2014,2,24-Jul-14
,33,Mbl1,10,2014,2,03-Jul-14
,36,Mbl1,10,2014,2,01-Jul-14
,22,Srk,10,2014,2,27-Jun-14
,46,Mfw,10,2014,2,14-Dec-13
,52,Mfw,10,2014,2,06-Dec-13
,37,Srk,10,2014,2,21-Jun-14
,43,Mbl1,10,2014,2,21-Jul-14
,77,Mbl1,10,2014,2,18-Jul-14
,30,Mbl1,10,2014,2,03-Jun-14
,74,Mfw,10,2014,2,30-Nov-13
,52,Mbl1,10,2014,2,04-Jul-14
,37,Srk,10,2014,2,14-Jul-14
,40,Srk,10,2014,2,26-Jun-14
,57,Mfw,10,2014,2,29-Nov-13
,41,Mbl1,10,2014,2,04-Jul-14
,31,Srk,10,2014,2,25-Jun-14
,34,Mbl1,10,2014,2,17-Jul-14
,47,Mbl1,10,2014,2,28-Jun-14
,47,Mbl1,10,2014,2,22-Jul-14
,29,Mbl1,10,2014,2,17-Jul-14
,40,Srk,10,2014,2,16-Jun-14
,35,Srk,10,2014,2,18-Jun-14
,22,Srk,10,2014,2,09-Jul-14
,24,Srk,10,2014,2,21-Jun-14
,24,Srk,10,2014,2,17-Jul-14
,37,Srk,10,2014,2,14-Jul-14
,22,Mbl1,10,2014,2,04-Jul-14
,49,Mfw,10,2014,2,13-Dec-13
,27,Mbl1,10,2014,2,11-Jul-14
,74,Mfw,10,2014,2,09-Dec-13
,38,Srk,10,2014,2,19-Jun-14
,97,Srk,10,2014,2,12-Jul-14
,36,Srk,10,2014,2,09-Jul-14
,27,Srk,10,2014,2,28-Jul-14
,41,Mfw,10,2014,2,13-Nov-13
,70,Srk,10,2014,2,14-Jul-14
,26,Srk,10,2014,2,20-Jun-14
,47,Mfw,10,2014,2,21-Nov-13
,36,Mbl1,10,2014,2,05-Jul-14
,23,Srk,10,2014,2,14-Jul-14
,66,Mfw,10,2014,2,22-Nov-13
,43,Mbl1,10,2014,2,24-Jun-14
,44,Mfw,10,2014,2,13-Nov-13
,35,Mbl1,10,2014,2,22-Jul-14
,35,Mbl1,10,2014,2,12-Jul-14
,35,Mbl1,10,2014,2,21-Jul-14
,50,Mfw,10,2014,2,21-Nov-13
,59,Mfw,10,2014,2,18-Dec-13
,49,Srk,10,2014,2,24-Jun-14
,30,Srk,10,2014,2,24-Jun-14
,32,Mbl1,10,2014,2,02-Jul-14
,32,Mfw,10,2014,2,11-Jan-14
,19,Srk,10,2014,2,24-Jun-14
,64,Mbl1,10,2014,2,24-Jun-14
,40,Mbl1,10,2014,2,30-Jul-14
,24,Mbl1,10,2014,2,30-Jun-14
,47,Mfw,10,2014,2,14-Nov-13
,25,Srk,10,2014,2,28-Jun-14
,42,Mfw,10,2014,2,13-Nov-13
,48,Mfw,10,2014,2,13-Nov-13
,35,Mbl1,10,2014,2,30-Jun-14
,35,Mbl1,10,2014,2,04-Jul-14
,33,Mfw,10,2014,2,13-Dec-13
,37,Mfw,10,2014,2,14-Nov-13
,33,Srk,10,2014,2,21-Jun-14
,32,Srk,10,2014,2,02-Jul-14
,40,Mfw,10,2014,2,09-Dec-13
,44,Srk,10,2014,2,21-Jun-14
,40,Srk,10,2014,2,25-Jun-14
,38,Mfw,10,2014,2,13-Dec-13
,27,Mfw,10,2014,2,13-Nov-13
,56,Mfw,10,2014,2,09-Dec-13
,35,Srk,10,2014,2,01-Jul-14
,37,Mfw,10,2014,2,17-Dec-13
,36,Mfw,10,2014,2,09-Dec-13
,51,Mfw,10,2014,2,09-Dec-13
,21,Srk,10,2014,2,11-Jul-14
,45,Srk,10,2014,2,24-Jun-14
,25,Mbl1,10,2014,2,30-Jun-14
,23,Srk,10,2014,2,14-Jul-14
,42,Srk,10,2014,2,10-Jul-14
,32,Mfw,10,2014,2,29-Nov-13
,103,Srk,10,2014,2,19-Jun-14
,99,Mfw,10,2014,2,14-Nov-13
,26,Srk,10,2014,2,08-Jul-14
,25,Mfw,10,2014,2,14-Nov-13
,32,Srk,10,2014,2,27-Jun-14
,49,Mfw,10,2014,2,13-Dec-13
,30,Srk,10,2014,2,01-Jul-14
,31,Mfw,10,2014,2,22-Nov-13
,34,Srk,10,2014,2,09-Jul-14
,25,Mbl1,10,2014,2,24-Jun-14
,26,Mfw,10,2014,2,09-Dec-13
,62,Mbl1,10,2014,2,30-Jun-14
,38,Mfw,10,2014,2,04-Dec-13
,39,Mfw,10,2014,2,19-Dec-13
,37,Mbl1,10,2014,2,01-Jul-14
,42,Mfw,10,2014,2,14-Dec-13
,56,Mbl1,10,2014,2,16-Jul-14
,31,Mbl1,10,2014,2,01-Jul-14
,45,Mfw,10,2014,2,19-Nov-13
,49,Mfw,10,2014,2,18-Nov-13
,36,Mfw,10,2014,2,16-Dec-13
,41,Mfw,10,2014,2,09-Dec-13
,62,Mbl1,10,2014,2,16-Jul-14
,45,Mfw,10,2014,2,16-Dec-13
,33,Srk,10,2014,2,20-Jun-14
,49,Mfw,10,2014,2,13-Dec-13
,98,Mfw,10,2014,2,10-Dec-13
,64,Srk,10,2014,2,24-Jun-14
,30,Srk,10,2014,2,25-Jun-14
,86,Mbl1,10,2014,2,05-Jul-14
,74,Mfw,10,2014,2,13-Dec-13
,30,Mfw,10,2014,2,14-Nov-13
,45,Mbl1,10,2014,2,24-Jun-14
,59,Mfw,10,2014,2,09-Dec-13
,40,Srk,10,2014,2,23-Jun-14
,36,Srk,10,2014,2,10-Jul-14
,30,Mfw,10,2014,2,19-Nov-13
,35,Mfw,10,2014,2,13-Dec-13
,48,Mbl1,10,2014,2,23-Jun-14
,24,Srk,10,2014,2,01-Jul-14
,22,Mbl1,10,2014,2,14-Jul-14
,30,Mfw,10,2014,2,29-Nov-13
,54,Mfw,10,2014,2,30-Nov-13
,60,Mbl1,10,2014,2,12-Jul-14
,49,Mfw,10,2014,2,09-Dec-13
,42,Srk,10,2014,2,25-Jun-14
,34,Mfw,10,2014,2,29-Nov-13
,41,Mfw,10,2014,2,13-Nov-13
,23,Srk,10,2014,2,30-Jun-14
,26,Srk,10,2014,2,03-Jul-14
,41,Mfw,10,2014,2,13-Dec-13
,27,Mbl1,10,2014,2,04-Jun-14
,32,Mfw,10,2014,2,07-Dec-13
,31,Srk,10,2014,2,03-Jul-14
,24,Srk,10,2014,2,02-Jul-14
,38,Srk,10,2014,2,30-Jun-14
,45,Mfw,10,2014,2,13-Nov-13
,20,Srk,10,2014,2,09-Jul-14
,27,Srk,10,2014,2,23-Jun-14
,40,Srk,10,2014,2,23-Jun-14
,26,Mbl1,10,2014,2,12-Jul-14
,32,Srk,10,2014,2,23-Jun-14
,35,Srk,10,2014,2,12-Jun-14
,38,Mbl1,10,2014,2,26-Jun-14
,31,Srk,10,2014,2,23-Jul-14
,48,Mfw,10,2014,2,09-Dec-13
,41,Srk,10,2014,2,10-Jul-14
,42,Mfw,10,2014,2,07-Dec-13
,32,Mfw,10,2014,2,06-Dec-13
,25,Srk,10,2014,2,24-Jun-14
,24,Srk,10,2014,2,07-Jul-14
,39,Mfw,10,2014,2,07-Dec-13
,59,Mfw,10,2014,2,14-Nov-13
,29,Mbl1,10,2014,2,11-Jul-14
,47,Srk,10,2014,2,27-Jun-14
,59,Mfw,10,2014,2,13-Nov-13
,24,Mbl1,10,2014,2,04-Jul-14
,29,Srk,10,2014,2,04-Jul-14
,28,Srk,10,2014,2,07-Jul-14
,32,Mfw,10,2014,2,09-Dec-13
,30,Srk,10,2014,2,05-Jul-14
,26,Srk,10,2014,2,23-Jun-14
,104,Mfw,10,2014,2,13-Nov-13
,37,Srk,10,2014,2,03-Jul-14
,24,Mbl1,10,2014,2,16-Jul-14
,36,Mbl1,10,2014,2,11-Jul-14
,45,Srk,10,2014,2,10-Jul-14
,24,Srk,10,2014,2,08-Jul-14
,78,Mfw,10,2014,2,21-Dec-13
,46,Mfw,10,2014,2,12-Dec-13
,73,Mbl1,10,2014,2,25-Jun-14
,44,Mfw,10,2014,2,13-Nov-13
,25,Mfw,10,2014,2,10-Jan-14
,33,Srk,10,2014,2,25-Jun-14
,60,Mfw,10,2014,2,23-Nov-13
,38,Mbl1,10,2014,2,26-Jun-14
,67,Mfw,10,2014,2,02-Dec-13
,26,Srk,10,2014,2,15-Jul-14
,20,Mbl1,10,2014,2,03-Jul-14
,41,Mfw,10,2014,2,03-Dec-13
,51,Mfw,10,2014,2,10-Dec-13
,48,Mfw,10,2014,2,23-Nov-13
,68,Mbl1,10,2014,2,01-Jul-14
,39,Srk,10,2014,2,01-Jul-14
,29,Mbl1,10,2014,2,05-Jul-14
,42,Srk,10,2014,2,24-Jun-14
,34,Srk,10,2014,2,15-Jul-14
,23,Mbl1,10,2014,2,04-Jul-14
,29,Srk,10,2014,2,11-Jul-14
,29,Mbl1,10,2014,2,30-Jun-14
,37,Mbl1,10,2014,2,03-Jul-14
,35,Mfw,10,2014,2,25-Nov-13
,23,Mbl1,10,2014,2,01-Jul-14
,40,Mfw,10,2014,2,25-Nov-13
,30,Srk,10,2014,2,09-Jul-14
,70,Mfw,10,2014,2,29-Nov-13
,36,Mbl1,10,2014,2,03-Jul-14
,58,Mbl1,10,2014,2,28-Jun-14
,34,Mbl1,10,2014,2,05-Jul-14
,24,Srk,10,2014,2,06-Jul-14
,52,Mfw,10,2014,2,23-Nov-13
,26,Mbl1,10,2014,2,04-Jul-14
,35,Srk,10,2014,2,18-Jun-14
,28,Mbl1,10,2014,2,27-Jun-14
,26,Mfw,10,2014,2,20-Nov-13
,36,Mfw,10,2014,2,23-Nov-13
,64,Mfw,10,2014,2,25-Nov-13
,32,Mbl1,10,2014,2,02-Jul-14
,33,Mbl1,10,2014,2,16-Jun-14
,30,Srk,10,2014,2,11-Jul-14
,140,Mfw,10,2014,2,06-Dec-13
,103,Mfw,10,2014,2,10-Dec-13
,46,Srk,10,2014,2,01-Jul-14
,35,Mfw,10,2014,2,23-Nov-13
,38,Mbl1,10,2014,2,30-Jun-14
,18,Mbl1,10,2014,2,03-Jul-14
,57,Mfw,10,2014,2,28-Nov-13
,25,Srk,10,2014,2,17-Jul-14
,30,Mfw,10,2014,2,10-Dec-13
,48,Mfw,10,2014,2,10-Dec-13
,30,Mbl1,10,2014,2,30-Jun-14
,40,Srk,10,2014,2,23-Jun-14
,39,Srk,10,2014,2,16-Jul-14
,28,Mbl1,10,2014,2,03-Jul-14
,28,Srk,10,2014,2,17-Jul-14
,50,Mbl1,10,2014,2,04-Jul-14
,26,Mbl1,10,2014,2,23-Jun-14
,65,Mfw,10,2014,2,25-Nov-13
,44,Mfw,10,2014,2,29-Nov-13
,26,Mbl1,10,2014,2,23-Jun-14
,50,Mbl1,10,2014,2,24-Jun-14
,36,Srk,10,2014,2,19-Jul-14
,45,Mbl1,10,2014,2,27-Jun-14
,52,Mfw,10,2014,2,20-Nov-13
,35,Srk,10,2014,2,09-Jul-14
,70,Mfw,10,2014,2,25-Nov-13
,41,Mfw,10,2014,2,29-Nov-13
,15,Srk,10,2014,2,14-Jul-14
,35,Mbl1,10,2014,2,02-Jul-14
,38,Mfw,10,2014,2,12-Nov-13
,43,Srk,10,2014,2,26-Jun-14
,34,Mbl1,10,2014,2,26-Jun-14
,78,Mfw,10,2014,2,23-Nov-13
,50,Mfw,10,2014,2,10-Dec-13
,57,Mfw,10,2014,2,20-Nov-13
,24,Srk,10,2014,2,15-Jul-14
,24,Srk,10,2014,2,14-Jul-14
,35,Srk,10,2014,2,08-Jul-14
,32,Mfw,10,2014,2,26-Nov-13
,40,Mfw,10,2014,2,25-Nov-13
,42,Srk,10,2014,2,15-Jul-14
,22,Srk,10,2014,2,15-Jul-14
,32,Mbl1,10,2014,2,17-Jul-14
,37,Mfw,10,2014,2,10-Dec-13
,21,Srk,10,2014,2,17-Jul-14
,43,Mfw,10,2014,2,29-Nov-13
,35,Srk,10,2014,2,15-Jul-14
,25,Srk,10,2014,2,15-Jul-14
,51,Srk,10,2014,2,15-Jul-14
,86,Mfw,10,2014,2,29-Nov-13
,39,Mfw,10,2014,2,30-Oct-13
,35,Mbl1,10,2014,2,03-Jul-14
,24,Srk,10,2014,2,11-Jul-14
,49,Mfw,10,2014,2,10-Dec-13
,49,Srk,10,2014,2,24-Jun-14
,29,Srk,10,2014,2,10-Jul-14
,35,Srk,10,2014,2,15-Jul-14
,40,Mbl1,10,2014,2,02-Jul-14
,34,Mbl1,10,2014,2,01-Jul-14
,56,Mfw,10,2014,2,25-Nov-13
,63,Mfw,10,2014,2,21-Nov-13
,19,Mbl1,10,2014,2,24-Jul-14
,43,Mfw,10,2014,2,26-Nov-13
,43,Mfw,10,2014,2,30-Nov-13
,39,Srk,10,2014,2,09-Jul-14
,35,Srk,10,2014,2,02-Jul-14
,49,Mbl1,10,2014,2,28-Jun-14
,23,Mbl1,10,2014,2,22-Jul-14
,25,Srk,10,2014,2,25-Jul-14
,25,Srk,10,2014,2,30-Jun-14
,38,Srk,10,2014,2,09-Jul-14
,25,Mbl1,10,2014,2,21-Jul-14
,48,Srk,10,2014,2,26-Jun-14
,31,Mfw,10,2014,2,04-Dec-13
,64,Mfw,10,2014,2,25-Nov-13
,38,Mbl1,10,2014,2,27-Jun-14
,38,Srk,10,2014,2,21-Jun-14
,42,Srk,10,2014,2,05-Jul-14
,24,Mbl1,10,2014,2,18-Jul-14
,24,Srk,10,2014,2,09-Jul-14
,27,Srk,10,2014,2,26-Jun-14
,42,Mbl1,10,2014,2,03-Jul-14
,42,Mbl1,10,2014,2,02-Jul-14
,49,Mbl1,10,2014,2,02-Jul-14
,28,Srk,10,2014,2,15-Jul-14
,22,Srk,10,2014,2,18-Jul-14
,24,Srk,10,2014,2,12-Jul-14
,90,Mbl1,10,2014,2,02-Jul-14
,23,Mbl1,10,2014,2,19-Jul-14
,29,Mfw,10,2014,2,25-Nov-13
,32,Mbl1,10,2014,2,30-Jun-14
,50,Mbl1,10,2014,2,27-Jun-14
,33,Mbl1,10,2014,2,05-Jul-14
,53,Mfw,10,2014,2,10-Dec-13
,77,Mfw,10,2014,2,10-Dec-13
,63,Mfw,10,2014,2,28-Nov-13
,36,Mbl1,10,2014,2,02-Jul-14
,40,Srk,10,2014,2,08-Jul-14
,38,Mfw,10,2014,2,20-Nov-13
,46,Mbl1,10,2014,2,01-Jul-14
,27,Mbl1,10,2014,2,21-Jul-14
,31,Srk,10,2014,2,17-Jul-14
,47,Mbl1,10,2014,2,02-Jul-14
,31,Srk,10,2014,2,05-Jul-14
,34,Mbl1,10,2014,2,01-Jul-14
,31,Mbl1,10,2014,2,23-Jun-14
,52,Srk,10,2014,2,22-Jun-14
,33,Srk,10,2014,2,10-Jul-14
,44,Mfw,10,2014,2,22-Nov-13
,38,Mbl1,10,2014,2,27-Jun-14
,40,Mfw,10,2014,2,10-Dec-13
,36,Mbl1,10,2014,2,02-Jul-14
,42,Srk,10,2014,2,17-Jul-14
,46,Mfw,10,2014,2,23-Nov-13
,31,Mbl1,10,2014,2,17-Jul-14
,27,Srk,10,2014,2,15-Jul-14
,39,Mfw,10,2014,2,21-Nov-13
,45,Srk,10,2014,2,18-Jul-14
,57,Mfw,10,2014,2,20-Nov-13
,52,Mfw,10,2014,2,24-Nov-13
,24,Mbl1,10,2014,2,21-Jul-14
,98,Mfw,10,2014,2,25-Nov-13
,46,Mbl1,10,2014,2,02-Jul-14
,35,Mfw,10,2014,2,23-Nov-13
,30,Mfw,10,2014,2,11-Jan-14
,70,Mfw,10,2014,2,30-Nov-13
,29,Mfw,10,2014,2,21-Nov-13
,29,Mbl1,10,2014,2,27-Jun-14
,71,Mfw,10,2014,2,23-Nov-13
,54,Mbl1,10,2014,2,19-Jul-14
,25,Srk,10,2014,2,21-Jul-14
,31,Srk,10,2014,2,21-Jun-14
,45,Mfw,10,2014,2,23-Nov-13
,57,Mfw,10,2014,2,30-Oct-13
,45,Srk,10,2014,2,09-Jul-14
,31,Srk,10,2014,2,28-Jun-14
,49,Mfw,10,2014,2,13-Nov-13
,16,Mbl1,10,2014,2,25-Jun-14
,29,Srk,10,2014,2,17-Jul-14
,46,Srk,10,2014,2,21-Jun-14
,47,Mfw,10,2014,2,13-Dec-13
,27,Mbl1,10,2014,2,02-Jul-14
,32,Mbl1,10,2014,2,03-Jul-14
,31,Mbl1,10,2014,2,19-Jul-14
,42,Mbl1,10,2014,2,14-Jul-14
,35,Mbl1,10,2014,2,30-Jun-14
,30,Srk,10,2014,2,03-Jul-14
,27,Mfw,10,2014,2,25-Nov-13
,40,Mfw,10,2014,2,30-Nov-13
,44,Mfw,10,2014,2,06-Dec-13
,43,Mfw,10,2014,2,20-Nov-13
,42,Mfw,10,2014,2,25-Nov-13
,52,Mfw,10,2014,2,21-Nov-13
,21,Srk,10,2014,2,17-Jul-14
,20,Srk,10,2014,2,05-Jul-14
,24,Srk,10,2014,2,12-Jun-14
,61,Mbl1,10,2014,2,05-Jul-14
,28,Mbl1,10,2014,2,03-Jul-14
,37,Mfw,10,2014,2,05-Dec-13
,47,Mfw,10,2014,2,29-Nov-13
,37,Mfw,10,2014,2,10-Dec-13
,48,Mfw,10,2014,2,26-Nov-13
,33,Mbl1,10,2014,2,04-Jul-14
,35,Mfw,10,2014,2,20-Nov-13
,27,Mbl1,10,2014,2,26-Jun-14
,32,Srk,10,2014,2,23-Jun-14
,31,Srk,10,2014,2,26-Jun-14
,31,Srk,10,2014,2,16-Jul-14
,33,Srk,10,2014,2,26-Jun-14
,41,Srk,10,2014,2,09-Jul-14
,45,Srk,10,2014,2,15-Jul-14
,40,Mfw,10,2014,2,30-Nov-13
,45,Mbl1,10,2014,2,01-Jul-14
,48,Srk,10,2014,2,25-Jun-14
,23,Mbl1,10,2014,2,01-Jul-14
,30,Srk,10,2014,2,17-Jul-14
,57,Mfw,10,2014,2,23-Nov-13
,20,Srk,10,2014,2,15-Jul-14
,31,Srk,10,2014,2,04-Jul-14
,50,Mbl1,10,2014,2,28-Jun-14
,43,Mbl1,10,2014,2,21-Jul-14
,53,Mfw,10,2014,2,10-Dec-13
,37,Mfw,10,2014,2,13-Nov-13
,21,Mbl1,10,2014,2,02-Jul-14
,39,Srk,10,2014,2,12-Jul-14
,70,Mfw,10,2014,2,23-Nov-13
,39,Srk,10,2014,2,28-Jun-14
,14,Srk,10,2014,2,23-Jun-14
,17,Mbl1,10,2014,2,11-Jul-14
,25,Mfw,10,2014,2,10-Dec-13
,21,Srk,10,2014,2,14-Jul-14
,17,Mbl1,10,2014,2,25-Jun-14
,38,Mfw,10,2014,2,29-Nov-13
,58,Mbl1,10,2014,2,19-Jul-14
,36,Mfw,10,2014,2,22-Nov-13
,29,Mbl1,10,2014,2,03-Jul-14
,40,Mbl1,10,2014,2,01-Jul-14
,33,Mfw,10,2014,2,23-Nov-13
,65,Srk,10,2014,2,09-Jul-14
,41,Mfw,10,2014,2,10-Jan-14
,24,Srk,10,2014,2,14-Jul-14
,31,Mfw,10,2014,2,21-Nov-13
,23,Srk,10,2014,2,01-Jul-14
,29,Mfw,10,2014,2,10-Dec-13
,19,Srk,10,2014,2,11-Jul-14
,48,Mbl1,10,2014,2,28-Jun-14
,29,Srk,10,2014,2,30-Jun-14
,43,Mbl1,10,2014,2,25-Jun-14
,31,Srk,10,2014,2,14-Jul-14
,30,Mbl1,10,2014,2,24-Jul-14
,42,Srk,10,2014,2,11-Jul-14
,39,Mfw,10,2014,2,06-Dec-13
,40,Mbl1,10,2014,2,01-Jul-14
,48,Mbl1,10,2014,2,25-Jun-14
,35,Mfw,10,2014,2,30-Nov-13
,54,Mbl1,10,2014,2,30-Jun-14
,24,Srk,10,2014,2,16-Jul-14
,36,Mfw,10,2014,2,22-Nov-13
,57,Mfw,10,2014,2,21-Nov-13
,30,Mfw,10,2014,2,25-Nov-13
,43,Mfw,10,2014,2,29-Nov-13
,88,Srk,10,2014,2,14-Jul-14
,80,Mfw,10,2014,2,06-Dec-13
,47,Mfw,10,2014,2,16-Dec-13
,25,Mfw,10,2014,2,26-Nov-13
,33,Mbl1,10,2014,2,01-Jul-14
,37,Mbl1,10,2014,2,17-Jul-14
,49,Mfw,10,2014,2,23-Nov-13
,34,Mfw,10,2014,2,20-Nov-13
,34,Mfw,10,2014,2,21-Nov-13
,48,Mfw,10,2014,2,23-Nov-13
,51,Mbl1,10,2014,2,02-Jul-14
,36,Mbl1,10,2014,2,20-Jun-14
,30,Mbl1,10,2014,2,15-Jul-14
,22,Mbl1,10,2014,2,18-Jul-14
,24,Mbl1,10,2014,2,15-Jul-14
,78,Mbl1,10,2014,2,25-Jun-14
,57,Mbl1,10,2014,2,17-Jul-14
,32,Srk,10,2014,2,19-Jun-14
,26,Mbl1,10,2014,2,05-Jul-14
,35,Srk,10,2014,2,18-Jun-14
,31,Mbl1,10,2014,2,11-Jul-14
,30,Srk,10,2014,2,08-Jul-14
,57,Mfw,10,2014,2,22-Nov-13
,37,Mbl1,10,2014,2,24-Jun-14
,32,Mbl1,10,2014,2,21-Jun-14
,28,Mbl1,10,2014,2,03-Jul-14
,40,Srk,10,2014,2,07-Jul-14
,53,Mbl1,10,2014,2,18-Jul-14
,28,Srk,10,2014,2,18-Jun-14
,28,Mbl1,10,2014,2,09-Jul-14
,37,Srk,10,2014,2,10-Jul-14
,21,Mbl1,10,2014,2,24-Jun-14
,26,Srk,10,2014,2,10-Jul-14
,52,Mbl1,10,2014,2,19-Jun-14
,31,Srk,10,2014,2,04-Jul-14
,34,Srk,10,2014,2,16-Jul-14
,37,Mbl1,10,2014,2,16-Jul-14
,40,Srk,10,2014,2,19-Jun-14
,30,Srk,10,2014,2,07-Jul-14
,33,Mbl1,10,2014,2,12-Jul-14
,38,Mbl1,10,2014,2,12-Jul-14
,34,Mbl1,10,2014,2,10-Jul-14
,24,Mbl1,10,2014,2,15-Jul-14
,27,Mbl1,10,2014,2,27-Jun-14
,34,Mbl1,10,2014,2,18-Jul-14
,60,Mbl1,10,2014,2,19-Jul-14
,51,Srk,10,2014,2,14-Jun-14
,38,Mbl1,10,2014,2,15-Jul-14
,35,Mbl1,10,2014,2,21-Jun-14
,35,Mbl1,10,2014,2,18-Jul-14
,21,Srk,10,2014,2,28-Jun-14
,49,Mbl1,10,2014,2,27-Jun-14
,32,Mbl1,10,2014,2,17-Jul-14
,55,Mbl1,10,2014,2,17-Jul-14
,25,Srk,10,2014,2,07-Jul-14
,43,Mbl1,10,2014,2,15-Jul-14
,35,Mfw,10,2014,2,13-Nov-13
,32,Srk,10,2014,2,18-Jun-14
,41,Srk,10,2014,2,09-Jul-14
,28,Mbl1,10,2014,2,19-Jul-14
,43,Mbl1,10,2014,2,08-Jul-14
,34,Srk,10,2014,2,04-Jul-14
,37,Srk,10,2014,2,05-Jul-14
,21,Srk,10,2014,2,19-Jul-14
,23,Srk,10,2014,2,10-Jul-14
,24,Mbl1,10,2014,2,16-Jul-14
,51,Mbl1,10,2014,2,09-Jul-14
,31,Mbl1,10,2014,2,18-Jun-14
,49,Srk,10,2014,2,05-Jul-14
,47,Mbl1,10,2014,2,12-Aug-14
,35,Mfw,10,2014,2,21-Nov-13
,49,Mbl1,10,2014,2,24-Jul-14
,31,Srk,10,2014,2,19-Jun-14
,35,Srk,10,2014,2,25-Jun-14
,41,Mbl1,10,2014,2,09-Jul-14
,43,Mbl1,10,2014,2,10-Jul-14
,33,Mbl1,10,2014,2,15-Jul-14
,23,Mbl1,10,2014,2,10-Jul-14
,38,Mbl1,10,2014,2,18-Jun-14
,31,Mbl1,10,2014,2,19-Jun-14
,68,Srk,10,2014,2,09-Jul-14
,24,Srk,10,2014,2,09-Jul-14
,49,Srk,10,2014,2,14-Jul-14
,39,Mbl1,10,2014,2,11-Jul-14
,32,Mbl1,10,2014,2,08-Jul-14
,42,Mbl1,10,2014,2,08-Jul-14
,22,Srk,10,2014,2,08-Jul-14
,46,Srk,10,2014,2,07-Jul-14
,31,Mbl1,10,2014,2,19-Jun-14
,36,Mfw,10,2014,2,21-Nov-13
,62,Srk,10,2014,2,11-Jul-14
,34,Mfw,10,2014,2,21-Nov-13
,33,Mbl1,10,2014,2,26-Jun-14
,34,Srk,10,2014,2,18-Jun-14
,50,Mbl1,10,2014,2,09-Jul-14
,45,Mbl1,10,2014,2,22-Jul-14
,16,Mbl1,10,2014,2,20-Jun-14
,34,Mbl1,10,2014,2,24-Jun-14
,59,Mbl1,10,2014,2,20-Jun-14
,35,Srk,10,2014,2,15-Jul-14
,30,Mbl1,10,2014,2,15-Jul-14
,25,Mbl1,10,2014,2,14-Jul-14
,50,Mbl1,10,2014,2,17-Jul-14
,28,Mbl1,10,2014,2,18-Jun-14
,53,Mbl1,10,2014,2,17-Jul-14
,31,Mbl1,10,2014,2,02-Jul-14
,64,Mbl1,10,2014,2,23-Jun-14
,41,Mbl1,10,2014,2,19-Jun-14
,21,Mbl1,10,2014,2,18-Jul-14
,18,Mbl1,10,2014,2,20-Jun-14
,32,Srk,10,2014,2,18-Jun-14
,20,Mbl1,10,2014,2,17-Jul-14
,30,Mbl1,10,2014,2,19-Jun-14
,30,Mbl1,10,2014,2,12-Jul-14
,24,Mbl1,10,2014,2,03-Jul-14
,30,Srk,10,2014,2,18-Jul-14
,37,Mbl1,10,2014,2,07-Jul-14
,28,Srk,10,2014,2,02-Jul-14
,52,Mbl1,10,2014,2,21-Jun-14
,32,Mbl1,10,2014,2,20-Jun-14
,42,Srk,10,2014,2,16-Jun-14
,50,Mbl1,10,2014,2,18-Jul-14
,50,Mbl1,10,2014,2,21-Jun-14
,28,Mbl1,10,2014,2,21-Jul-14
,52,Mbl1,10,2014,2,19-Jul-14
,76,Mbl1,10,2014,2,20-Jun-14
,34,Mbl1,10,2014,2,02-Jul-14
,45,Mbl1,10,2014,2,16-Jul-14
,13,Mbl1,10,2014,2,16-Jul-14
,39,Mbl1,10,2014,2,16-Jul-14
,38,Mbl1,10,2014,2,08-Jul-14
,41,Srk,10,2014,2,08-Jul-14
,35,Srk,10,2014,2,07-Jul-14
,40,Mbl1,10,2014,2,01-Jul-14
,32,Mbl1,10,2014,2,18-Jul-14
,31,Srk,10,2014,2,02-Jul-14
,27,Mbl1,10,2014,2,16-Jul-14
,35,Mbl1,10,2014,2,17-Jul-14
,30,Srk,10,2014,2,27-Jun-14
,38,Mbl1,10,2014,2,08-Jul-14
,40,Mbl1,10,2014,2,16-Jul-14
,49,Mbl1,10,2014,2,24-Jun-14
,23,Mbl1,10,2014,2,03-Jul-14
,43,Mbl1,10,2014,2,12-Jul-14
,25,Mbl1,10,2014,2,09-Jul-14
,28,Mbl1,10,2014,2,08-Jul-14
,65,Mbl1,10,2014,2,26-Jun-14
,41,Mbl1,10,2014,2,10-Jul-14
,88,Mbl1,10,2014,2,11-Jul-14
,39,Mbl1,10,2014,2,19-Jul-14
,38,Mbl1,10,2014,2,21-Jun-14
,43,Mbl1,10,2014,2,16-Jul-14
,43,Srk,10,2014,2,30-Jun-14
,69,Srk,10,2014,2,30-Jun-14
,35,Mbl1,10,2014,2,21-Jul-14
,25,Srk,10,2014,2,14-Jun-14
,41,Mbl1,10,2014,2,10-Jul-14
,45,Mbl1,10,2014,2,17-Jul-14
,17,Srk,10,2014,2,10-Jul-14
,40,Mbl1,10,2014,2,27-Jun-14
,48,Srk,10,2014,2,10-Jul-14
,41,Srk,10,2014,2,27-Jun-14
,54,Srk,10,2014,2,11-Jul-14
,86,Mbl1,10,2014,2,11-Jul-14
,55,Mbl1,10,2014,2,27-Jun-14
,31,Srk,10,2014,2,27-Jun-14
,42,Srk,10,2014,2,12-Jul-14
,40,Mbl1,10,2014,2,23-Jun-14
,34,Srk,10,2014,2,04-Jul-14
,32,Mbl1,10,2014,2,19-Jun-14
,34,Mbl1,10,2014,2,19-Jun-14
,52,Mbl1,10,2014,2,09-Jul-14
,52,Srk,10,2014,2,16-Jun-14
,28,Srk,10,2014,2,11-Jul-14
,49,Srk,10,2014,2,09-Jul-14
,31,Mbl1,10,2014,2,21-Jun-14
,27,Srk,10,2014,2,14-Jul-14
,24,Srk,10,2014,2,04-Jul-14
,37,Srk,10,2014,2,20-Jun-14
,75,Mbl1,10,2014,2,14-Jul-14
,32,Srk,10,2014,2,05-Jun-14
,44,Mbl1,10,2014,2,17-Jul-14
,31,Srk,10,2014,2,04-Jul-14
,33,Srk,10,2014,2,15-Jul-14
,50,Srk,10,2014,2,05-Jul-14
,38,Mbl1,10,2014,2,09-Jul-14
,30,Mbl1,10,2014,2,26-Jun-14
,36,Srk,10,2014,2,26-Jun-14
,16,Mbl1,10,2014,2,12-Jul-14
,38,Srk,10,2014,2,07-Jul-14
,25,Srk,10,2014,2,24-Jul-14
,41,Mbl1,10,2014,2,07-Jul-14
,45,Mbl1,10,2014,2,24-Jun-14
,51,Srk,10,2014,2,02-Jul-14
,35,Mbl1,10,2014,2,07-Jul-14
,49,Mbl1,10,2014,2,09-Jul-14
,41,Mbl1,10,2014,2,19-Jun-14
,36,Srk,10,2014,2,05-Jun-14
,36,Mbl1,10,2014,2,25-Jun-14
,46,Srk,10,2014,2,16-Jun-14
,32,Mbl1,10,2014,2,09-Jul-14
,36,Srk,10,2014,2,17-Jun-14
,25,Mbl1,10,2014,2,07-Jul-14
,42,Mbl1,10,2014,2,20-Jun-14
,20,Mbl1,10,2014,2,14-Jul-14
,30,Mbl1,10,2014,2,21-Jun-14
,49,Srk,10,2014,2,12-Jul-14
,34,Srk,10,2014,2,25-Jun-14
,26,Mbl1,10,2014,2,23-Jun-14
,34,Srk,10,2014,2,17-Jul-14
,24,Mbl1,10,2014,2,23-Jun-14
,34,Mbl1,10,2014,2,08-Jul-14
,22,Mbl1,10,2014,2,09-Jul-14
,37,Srk,10,2014,2,23-Jul-14
,47,Srk,10,2014,2,07-Jul-14
,41,Srk,10,2014,2,24-Jun-14
,34,Mbl1,10,2014,2,24-Jun-14
,23,Mbl1,10,2014,2,05-Jul-14
,41,Mbl1,10,2014,2,09-Jul-14
,25,Mbl1,10,2014,2,26-Jun-14
,58,Mbl1,10,2014,2,25-Jun-14
,23,Mbl1,10,2014,2,08-Jul-14
,36,Mbl1,10,2014,2,28-Jun-14
,38,Mbl1,10,2014,2,23-Jun-14
,23,Mbl1,10,2014,2,27-Jun-14
,48,Mbl1,10,2014,2,04-Jul-14
,36,Mbl1,10,2014,2,10-Jul-14
,49,Mbl1,10,2014,2,04-Jul-14
,37,Mbl1,10,2014,2,05-Jul-14
,29,Mbl1,10,2014,2,08-Jul-14
,34,Mbl1,10,2014,2,07-Jul-14
,32,Srk,10,2014,2,18-Aug-14
,26,Mbl1,10,2014,2,28-Jun-14
,28,Mbl1,10,2014,2,23-Jun-14
,27,Mbl1,10,2014,2,04-Jul-14
,31,Mbl1,10,2014,2,23-Jun-14
,31,Mbl1,10,2014,2,07-Jul-14
,12,Mbl1,10,2014,2,24-Jun-14
,40,Srk,10,2014,2,03-Jul-14
,18,Mbl1,10,2014,2,08-Jul-14
,34,Mbl1,10,2014,2,27-Jun-14
,25,Mbl1,10,2014,2,18-Jul-14
,38,Mbl1,10,2014,2,26-Jun-14
,53,Mbl1,10,2014,2,23-Jun-14
,32,Srk,10,2014,2,26-Jun-14
,34,Mbl1,10,2014,2,23-Jun-14
,35,Mbl1,10,2014,2,24-Jun-14
,42,Mbl1,10,2014,2,23-Jun-14
,32,Mbl1,10,2014,2,25-Jun-14
,39,Mbl1,10,2014,2,24-Jun-14
,66,Srk,10,2014,2,27-Jul-14
,19,Mbl1,10,2014,2,15-Jul-14
,53,Srk,10,2014,2,20-Jul-14
,35,Mbl1,10,2014,2,28-Jun-14
,24,Srk,10,2014,2,14-Aug-14
,24,Srk,10,2014,2,07-Jul-14
,37,Mbl1,10,2014,2,05-Jul-14
,44,Srk,10,2014,2,24-Jun-14
,20,Mbl1,10,2014,2,04-Jul-14
,40,Srk,10,2014,2,07-Jul-14
,47,Mbl1,10,2014,2,23-Jun-14
,22,Mbl1,10,2014,2,28-Jun-14
,35,Srk,10,2014,2,03-Jul-14
,31,Mbl1,10,2014,2,18-Jul-14
,47,Srk,10,2014,2,05-Jul-14
,44,Srk,10,2014,2,05-Jun-14
,20,Mbl1,10,2014,2,04-Jul-14
,30,Mbl1,10,2014,2,04-Jul-14
,42,Mbl1,10,2014,2,07-Jul-14
,52,Srk,10,2014,2,03-Jul-14
,54,Srk,10,2014,2,27-Jun-14
,44,Srk,10,2014,2,11-Jul-14
,37,Srk,10,2014,2,02-Aug-14
,20,Srk,10,2014,2,15-Aug-14
,32,Mbl1,10,2014,2,20-Jun-14
,38,Mbl1,10,2014,2,24-Jun-14
,27,Mbl1,10,2014,2,20-Jun-14
,42,Mbl1,10,2014,2,10-Jul-14
,38,Mbl1,10,2014,2,16-Jul-14
,61,Mbl1,10,2014,2,28-Jun-14
,26,Mbl1,10,2014,2,25-Jun-14
,26,Mbl1,10,2014,2,08-Jul-14
,61,Mbl1,10,2014,2,07-Jul-14
,49,Mbl1,10,2014,2,12-Jul-14
,30,Srk,10,2014,2,03-Jul-14
,48,Mbl1,10,2014,2,05-Jul-14
,26,Mbl1,10,2014,2,11-Jul-14
,23,Mbl1,10,2014,2,09-Jul-14
,39,Srk,10,2014,2,03-Jul-14
,24,Mbl1,10,2014,2,05-Jul-14
,26,Mbl1,10,2014,2,14-Jul-14
,38,Srk,10,2014,2,03-Jun-14
,16,Mbl1,10,2014,2,18-Jul-14
,29,Mbl1,10,2014,2,15-Jul-14
,30,Mbl1,10,2014,2,19-Jul-14
,25,Mbl1,10,2014,2,26-Jun-14
,44,Mbl1,10,2014,2,26-Jun-14
,44,Mbl1,10,2014,2,20-Jun-14
,56,Mbl1,10,2014,2,21-Jun-14
,33,Mbl1,10,2014,2,18-Jun-14
,19,Mbl1,10,2014,2,14-Jul-14
,23,Mbl1,10,2014,2,19-Jul-14
,42,Mbl1,10,2014,2,21-Jun-14
,37,Srk,10,2014,2,23-Jul-14
,36,Mbl1,10,2014,2,26-Jun-14
,41,Mbl1,10,2014,2,18-Jun-14
,55,Mbl1,10,2014,2,12-Jul-14
,53,Mbl1,10,2014,2,09-Jul-14
,13,Mbl1,10,2014,2,20-Jun-14
,23,Mbl1,10,2014,2,09-Jul-14
,32,Mbl1,10,2014,2,10-Jul-14
,36,Srk,10,2014,2,03-Jul-14
,40,Mbl1,10,2014,2,26-Jun-14
,22,Mbl1,10,2014,2,20-Jun-14
,25,Mbl1,10,2014,2,29-Jul-14
,43,Mbl1,10,2014,2,20-Jun-14
,45,Mbl1,10,2014,2,17-Jul-14
,27,Mbl1,10,2014,2,09-Jul-14
,34,Mbl1,10,2014,2,27-Jun-14
,27,Mbl1,10,2014,2,10-Jun-14
,20,Mbl1,10,2014,2,10-Jul-14
,30,Ntb,11,2014,2,13-Nov-14
,45,Btj,11,2014,2,12-Nov-14
,52,Ntb,11,2014,2,12-Nov-14
,56,Btj,11,2014,2,12-Nov-14
,81,Ntb,11,2014,2,12-Nov-14
,31,Ntb,11,2014,2,13-Nov-14
,60,Btj,11,2014,2,12-Nov-14
,42,Ntb,11,2014,2,13-Nov-14
,42,Btj,11,2014,2,13-Nov-14
,31,Btj,11,2014,2,13-Nov-14
,49,Ntb,11,2014,2,13-Nov-14
,51,Ntb,11,2014,2,13-Nov-14
,25,Ntb,11,2014,2,13-Nov-14
,26,Btj,11,2014,2,12-Nov-14
,30,Btj,11,2014,2,12-Nov-14
,98,Btj,11,2014,2,13-Nov-14
,58,Ntb,11,2014,2,13-Nov-13
,49,Ntb,11,2014,2,13-Nov-14
,51,Ntb,11,2014,2,13-Nov-14
,61,Btj,11,2014,2,13-Oct-14
,50,Ntb,11,2014,2,13-Nov-14
,37,Ntb,11,2014,2,13-Nov-14
,36,Btj,11,2014,2,13-Nov-14
,65,Ntb,11,2014,2,13-Nov-14
,47,Ntb,11,2014,2,13-Nov-14
,51,Btj,11,2014,2,13-Nov-14
,80,Ntb,11,2014,2,12-Nov-14
,42,Ntb,11,2014,2,13-Nov-14
,42,Ntb,11,2014,2,13-Nov-14
,36,Ntb,11,2014,2,13-Nov-14
,29,Btj,11,2014,2,12-Nov-14
,33,Ntb,11,2014,2,13-Nov-14
,29,Ntb,11,2014,2,13-Nov-14
,31,Btj,11,2014,2,12-Nov-14
,33,Btj,11,2014,2,12-Nov-14
,62,Ntb,11,2014,2,12-Nov-14
,50,Ntb,11,2014,2,13-Nov-14
,58,Btj,11,2014,2,13-Nov-14
,81,Ntb,11,2014,2,13-Nov-14
,48,Ntb,11,2014,2,14-Nov-14
,72,Btj,11,2014,2,14-Nov-14
,30,Ntb,11,2014,2,14-Nov-14
,34,Btj,11,2014,2,12-Nov-14
,35,Ntb,11,2014,2,12-Nov-14
,31,Btj,11,2014,2,14-Nov-14
,35,Ntb,11,2014,2,14-Nov-14
,30,Btj,11,2014,2,14-Nov-14
,27,Btj,11,2014,2,12-Nov-14
,62,Ntb,11,2014,2,14-Nov-14
,37,Btj,11,2014,2,14-Nov-14
,31,Btj,11,2014,2,14-Nov-14
,58,Ntb,11,2014,2,13-Nov-14
,43,Ntb,11,2014,2,12-Nov-14
,31,Ntb,11,2014,2,12-Nov-14
,32,Ntb,11,2014,2,14-Nov-14
,39,Btj,11,2014,2,14-Nov-14
,51,Ntb,11,2014,2,14-Nov-14
,50,Ntb,11,2014,2,14-Nov-14
,40,Ntb,11,2014,2,13-Nov-14
,40,Ntb,11,2014,2,14-Nov-14
,23,Btj,11,2014,2,14-Nov-14
,46,Btj,11,2014,2,14-Nov-14
,53,Ntb,11,2014,2,14-Nov-14
,46,Ntb,11,2014,2,12-Nov-14
,45,Ntb,11,2014,2,13-Nov-14
,62,Ntb,11,2014,2,14-Nov-14
,62,Ntb,11,2014,2,14-Nov-14
,41,Btj,11,2014,2,13-Nov-14
,36,Ntb,11,2014,2,14-Nov-14
,51,Btj,11,2014,2,14-Nov-14
,26,Ntb,11,2014,2,14-Nov-14
,52,Btj,11,2014,2,13-Nov-14
,31,Ntb,11,2014,2,13-Nov-14
,41,Ntb,11,2014,2,14-Nov-14
,45,Ntb,11,2014,2,12-Nov-14
,37,Ntb,11,2014,2,27-Oct-14
,24,Ntb,11,2014,2,14-Nov-14
,61,Btj,11,2014,2,14-Nov-14
,25,Btj,11,2014,2,14-Nov-14
,41,Btj,11,2014,2,13-Nov-14
,44,Btj,11,2014,2,14-Nov-14
,42,Ntb,11,2014,2,13-Nov-14
,34,Btj,11,2014,2,13-Nov-14
,86,Btj,11,2014,2,13-Nov-14
,37,Btj,11,2014,2,14-Nov-14
,41,Ntb,11,2014,2,13-Nov-14
,46,Btj,11,2014,2,14-Nov-14
,41,Ntb,11,2014,2,14-Nov-14
,31,Ntb,11,2014,2,15-Nov-14
,70,Btj,11,2014,2,15-Nov-14
,45,Ntb,11,2014,2,13-Nov-14
,49,Ntb,11,2014,2,15-Nov-14
,47,Btj,11,2014,2,15-Nov-14
,24,Btj,11,2014,2,15-Nov-14
,65,Btj,11,2014,2,15-Nov-14
,24,Ntb,11,2014,2,14-Nov-14
,39,Btj,11,2014,2,14-Nov-14
,60,Ntb,11,2014,2,14-Nov-14
,40,Ntb,11,2014,2,15-Nov-14
,51,Ntb,11,2014,2,12-Nov-14
,35,Ntb,11,2014,2,14-Nov-14
,35,Btj,11,2014,2,13-Nov-14
,21,Ntb,11,2014,2,12-Nov-14
,60,Btj,11,2014,2,15-Nov-14
,48,Ntb,11,2014,2,12-Nov-14
,73,Ntb,11,2014,2,15-Nov-14
,52,Btj,11,2014,2,15-Nov-14
,35,Ntb,11,2014,2,12-Nov-14
,48,Ntb,11,2014,2,15-Nov-14
,35,Ntb,11,2014,2,13-Nov-14
,50,Ntb,11,2014,2,12-Nov-14
,45,Ntb,11,2014,2,15-Nov-14
,35,Btj,11,2014,2,15-Nov-14
,36,Btj,11,2014,2,12-Nov-14
,37,Btj,11,2014,2,15-Nov-14
,46,Btj,11,2014,2,14-Nov-14
,23,Btj,11,2014,2,15-Nov-14
,46,Ntb,11,2014,2,15-Nov-14
,40,Ntb,11,2014,2,15-Nov-14
,46,Ntb,11,2014,2,15-Nov-14
,55,Ntb,11,2014,2,13-Nov-14
,50,Ntb,11,2014,2,12-Nov-14
,36,Btj,11,2014,2,15-Nov-14
,37,Ntb,11,2014,2,14-Nov-14
,42,Btj,11,2014,2,15-Nov-14
,41,Ntb,11,2014,2,14-Nov-14
,45,Ntb,11,2014,2,15-Nov-14
,33,Ntb,11,2014,2,15-Nov-14
,46,Ntb,11,2014,2,12-Nov-14
,41,Ntb,11,2014,2,15-Nov-14
,43,Ntb,11,2014,2,15-Nov-14
,48,Btj,11,2014,2,15-Nov-14
,45,Ntb,11,2014,2,13-Nov-14
,41,Ntb,11,2014,2,14-Nov-14
,26,Btj,11,2014,2,13-Nov-14
,38,Ntb,11,2014,2,15-Nov-14
,50,Btj,11,2014,2,17-Nov-14
,24,Btj,11,2014,2,15-Nov-14
,30,Btj,11,2014,2,14-Nov-14
,30,Ntb,11,2014,2,13-Nov-14
,32,Btj,11,2014,2,15-Nov-14
,46,Btj,11,2014,2,13-Nov-14
,44,Btj,11,2014,2,16-Nov-14
,24,Btj,11,2014,2,15-Nov-14
,60,Btj,11,2014,2,13-Nov-14
,46,Ntb,11,2014,2,13-Nov-14
,45,Btj,11,2014,2,14-Nov-14
,54,Ntb,11,2014,2,15-Nov-14
,35,Btj,11,2014,2,13-Nov-14
,50,Ntb,11,2014,2,12-Nov-14
,49,Ntb,11,2014,2,14-Nov-14
,72,Btj,11,2014,2,15-Nov-14
,48,Ntb,11,2014,2,15-Nov-14
,30,Ntb,11,2014,2,13-Nov-14
,76,Btj,11,2014,2,15-Nov-14
,41,Ntb,11,2014,2,15-Nov-14
,39,Ntb,11,2014,2,14-Nov-14
,70,Btj,11,2014,2,13-Nov-14
,48,Ntb,11,2014,2,13-Nov-14
,63,Btj,11,2014,2,17-Nov-14
,43,Ntb,11,2014,2,14-Nov-14
,26,Btj,11,2014,2,17-Nov-14
,54,Ntb,11,2014,2,17-Nov-14
,27,Ntb,11,2014,2,17-Nov-14
,27,Ntb,11,2014,2,17-Nov-14
,37,Ntb,11,2014,2,17-Nov-14
,39,Ntb,11,2014,2,15-Nov-14
,50,Ntb,11,2014,2,17-Nov-14
,32,Ntb,11,2014,2,17-Nov-14
,62,Ntb,11,2014,2,17-Nov-14
,33,Btj,11,2014,2,15-Nov-14
,48,Ntb,11,2014,2,17-Nov-14
,48,Ntb,11,2014,2,17-Nov-14
,47,Btj,11,2014,2,15-Nov-14
,60,Btj,11,2014,2,17-Nov-14
,39,Btj,11,2014,2,17-Nov-14
,25,Ntb,11,2014,2,17-Nov-14
,34,Ntb,11,2014,2,17-Nov-14
,41,Ntb,11,2014,2,17-Nov-14
,49,Ntb,11,2014,2,15-Nov-14
,20,Btj,11,2014,2,17-Nov-14
,30,Ntb,11,2014,2,17-Nov-14
,37,Btj,11,2014,2,17-Nov-14
,60,Ntb,11,2014,2,17-Nov-14
,38,Ntb,11,2014,2,17-Nov-14
,20,Btj,11,2014,2,17-Nov-14
,57,Btj,11,2014,2,15-Nov-14
,20,Btj,11,2014,2,17-Nov-14
,42,Btj,11,2014,2,17-Nov-14
,44,Ntb,11,2014,2,17-Nov-14
,34,Btj,11,2014,2,17-Nov-16
,51,Ntb,11,2014,2,17-Nov-14
,40,Ntb,11,2014,2,17-Nov-14
,31,Ntb,11,2014,2,17-Nov-14
,49,Ntb,11,2014,2,17-Nov-14
,72,Ntb,11,2014,2,17-Nov-14
,250,Btj,11,2014,2,13-Nov-14
,42,Btj,11,2014,2,17-Nov-14
,54,Ntb,11,2014,2,17-Nov-14
,40,Ntb,11,2014,2,17-Nov-14
,53,Btj,11,2014,2,17-Nov-14
,24,Ntb,11,2014,2,17-Nov-14
,77,Btj,11,2014,2,17-Nov-14
,30,Ntb,11,2014,2,17-Nov-14
,32,Btj,11,2014,2,17-Nov-14
,68,Ntb,11,2014,2,17-Nov-14
,43,Ntb,11,2014,2,17-Nov-14
,78,Ntb,11,2014,2,18-Nov-14
,28,Btj,11,2014,2,18-Nov-14
,52,Ntb,11,2014,2,18-Nov-14
,44,Btj,11,2014,2,18-Nov-14
,42,Ntb,11,2014,2,18-Nov-14
,55,Ntb,11,2014,2,17-Nov-14
,40,Btj,11,2014,2,18-Nov-14
,40,Ntb,11,2014,2,18-Nov-14
,40,Btj,11,2014,2,18-Nov-14
,68,Ntb,11,2014,2,18-Nov-14
,55,Ntb,11,2014,2,18-Nov-14
,29,Ntb,11,2014,2,17-Nov-14
,31,Ntb,11,2014,2,18-Nov-14
,27,Ntb,11,2014,2,18-Nov-14
,45,Ntb,11,2014,2,17-Nov-14
,36,Btj,11,2014,2,18-Nov-14
,37,Btj,11,2014,2,18-Nov-14
,74,Btj,11,2014,2,18-Nov-14
,39,Btj,11,2014,2,18-Nov-14
,75,Ntb,11,2014,2,17-Nov-14
,41,Ntb,11,2014,2,18-Nov-14
,62,Btj,11,2014,2,18-Nov-14
,35,Ntb,11,2014,2,18-Nov-14
,36,Btj,11,2014,2,17-Nov-14
,62,Btj,11,2014,2,17-Nov-14
,32,Ntb,11,2014,2,18-Nov-14
,34,Ntb,11,2014,2,18-Nov-14
,46,Btj,11,2014,2,18-Nov-14
,32,Btj,11,2014,2,13-Nov-14
,22,Btj,11,2014,2,17-Nov-14
,37,Ntb,11,2014,2,18-Nov-14
,65,Btj,11,2014,2,14-Nov-14
,55,Ntb,11,2014,2,18-Nov-14
,62,Btj,11,2014,2,18-Nov-14
,64,Btj,11,2014,2,12-Nov-14
,63,Btj,11,2014,2,12-Nov-14
,24,Btj,11,2014,2,17-Nov-14
,46,Ntb,11,2014,2,18-Nov-14
,34,Ntb,11,2014,2,18-Nov-14
,19,Btj,11,2014,2,17-Nov-14
,66,Ntb,11,2014,2,18-Nov-14
,55,Btj,11,2014,2,17-Nov-14
,25,Btj,11,2014,2,17-Nov-14
,62,Ntb,11,2014,2,18-Nov-14
,51,Ntb,11,2014,2,18-Nov-14
,32,Ntb,11,2014,2,17-Nov-14
,69,Btj,11,2014,2,18-Nov-14
,55,Ntb,11,2014,2,18-Nov-14
,31,Btj,11,2014,2,18-Nov-14
,80,Btj,11,2014,2,18-Nov-14
,57,Ntb,11,2014,2,18-Nov-14
,30,Btj,11,2014,2,19-Nov-14
,22,Btj,11,2014,2,18-Nov-14
,60,Ntb,11,2014,2,19-Nov-14
,46,Ntb,11,2014,2,18-Nov-14
,67,Ntb,11,2014,2,19-Nov-14
,30,Ntb,11,2014,2,19-Nov-14
,27,Btj,11,2014,2,20-Nov-14
,51,Ntb,11,2014,2,19-Nov-14
,22,Ntb,11,2014,2,18-Nov-14
,67,Btj,11,2014,2,18-Nov-14
,76,Ntb,11,2014,2,19-Nov-14
,70,Btj,11,2014,2,19-Nov-14
,31,Ntb,11,2014,2,19-Nov-14
,37,Btj,11,2014,2,17-Nov-14
,40,Ntb,11,2014,2,19-Nov-14
,41,Btj,11,2014,2,19-Nov-14
,36,Ntb,11,2014,2,18-Nov-14
,38,Ntb,11,2014,2,19-Nov-14
,39,Btj,11,2014,2,19-Nov-14
,34,Ntb,11,2014,2,19-Nov-14
,50,Btj,11,2014,2,18-Nov-14
,34,Btj,11,2014,2,17-Nov-14
,31,Ntb,11,2014,2,18-Nov-14
,55,Btj,11,2014,2,19-Nov-14
,39,Btj,11,2014,2,19-Nov-14
,55,Ntb,11,2014,2,19-Nov-14
,30,Btj,11,2014,2,17-Nov-14
,25,Btj,11,2014,2,19-Nov-14
,42,Btj,11,2014,2,19-Nov-14
,45,Btj,11,2014,2,19-Nov-14
,38,Ntb,11,2014,2,19-Nov-14
,25,Btj,11,2014,2,19-Nov-14
,52,Btj,11,2014,2,19-Nov-14
,61,Ntb,11,2014,2,19-Nov-14
,29,Btj,11,2014,2,19-Nov-14
,71,Ntb,11,2014,2,18-Nov-14
,48,Ntb,11,2014,2,19-Nov-14
,74,Btj,11,2014,2,19-Nov-14
,61,Ntb,11,2014,2,19-Nov-14
,52,Ntb,11,2014,2,18-Nov-14
,25,Btj,11,2014,2,19-Nov-14
,53,Ntb,11,2014,2,19-Nov-14
,40,Btj,11,2014,2,19-Nov-14
,33,Btj,11,2014,2,19-Nov-14
,43,Ntb,11,2014,2,19-Nov-14
,30,Btj,11,2014,2,19-Nov-14
,42,Ntb,11,2014,2,19-Nov-14
,33,Ntb,11,2014,2,19-Nov-14
,46,Ntb,11,2014,2,18-Nov-14
,44,Btj,11,2014,2,19-Nov-14
,42,Btj,11,2014,2,18-Nov-14
,64,Ntb,11,2014,2,19-Nov-14
,72,Ntb,11,2014,2,20-Nov-14
,28,Ntb,11,2014,2,19-Nov-14
,56,Btj,11,2014,2,20-Nov-14
,46,Ntb,11,2014,2,19-Nov-14
,40,Ntb,11,2014,2,20-Nov-14
,18,Btj,11,2014,2,20-Nov-14
,32,Ntb,11,2014,2,19-Nov-14
,38,Ntb,11,2014,2,20-Nov-14
,54,Btj,11,2014,2,20-Nov-14
,50,Btj,11,2014,2,18-Nov-14
,67,Ntb,11,2014,2,21-Nov-14
,38,Ntb,11,2014,2,20-Nov-14
,68,Btj,11,2014,2,20-Nov-14
,42,Ntb,11,2014,2,20-Nov-14
,26,Btj,11,2014,2,20-Nov-14
,33,Ntb,11,2014,2,20-Nov-14
,36,Ntb,11,2014,2,20-Nov-14
,48,Btj,11,2014,2,19-Nov-14
,61,Ntb,11,2014,2,20-Nov-14
,53,Ntb,11,2014,2,20-Nov-14
,43,Btj,11,2014,2,18-Nov-14
,61,Btj,11,2014,2,20-Nov-14
,56,Btj,11,2014,2,17-Nov-14
,53,Btj,11,2014,2,20-Nov-14
,23,Btj,11,2014,2,19-Nov-14
,34,Btj,11,2014,2,20-Nov-14
,41,Ntb,11,2014,2,20-Nov-14
,65,Ntb,11,2014,2,20-Nov-14
,32,Btj,11,2014,2,19-Nov-14
,20,Btj,11,2014,2,20-Nov-14
,60,Btj,11,2014,2,14-Nov-14
,47,Ntb,11,2014,2,19-Nov-14
,70,Ntb,11,2014,2,19-Nov-14
,46,Ntb,11,2014,2,19-Nov-14
,34,Btj,11,2014,2,19-Nov-14
,34,Btj,11,2014,2,19-Nov-14
,26,Btj,11,2014,2,20-Nov-14
,41,Btj,11,2014,2,21-Nov-14
,31,Ntb,11,2014,2,20-Nov-14
,56,Btj,11,2014,2,19-Nov-14
,46,Btj,11,2014,2,20-Nov-14
,56,Ntb,11,2014,2,20-Nov-14
,42,Btj,11,2014,2,20-Nov-14
,34,Ntb,11,2014,2,20-Nov-14
,24,Btj,11,2014,2,19-Nov-14
,36,Btj,11,2014,2,19-Nov-14
,38,Btj,11,2014,2,21-Nov-14
,56,Btj,11,2014,2,19-Nov-14
,28,Btj,11,2014,2,17-Nov-14
,49,Btj,11,2014,2,20-Nov-14
,30,Btj,11,2014,2,20-Nov-14
,71,Ntb,11,2014,2,20-Nov-14
,20,Btj,11,2014,2,18-Nov-14
,71,Btj,11,2014,2,20-Nov-14
,71,Ntb,11,2014,2,20-Nov-14
,37,Ntb,11,2014,2,20-Nov-14
,50,Btj,11,2014,2,20-Nov-14
,35,Btj,11,2014,2,18-Nov-14
,62,Btj,11,2014,2,19-Nov-14
,74,Ntb,11,2014,2,19-Nov-14
,40,Btj,11,2014,2,20-Nov-14
,43,Ntb,11,2014,2,20-Nov-14
,22,Btj,11,2014,2,22-Nov-14
,48,Btj,11,2014,2,18-Nov-14
,31,Ntb,11,2014,2,20-Nov-14
,47,Ntb,11,2014,2,20-Nov-14
,88,Ntb,11,2014,2,19-Nov-14
,42,Btj,11,2014,2,20-Nov-14
,51,Btj,11,2014,2,24-Nov-14
,60,Btj,11,2014,2,20-Nov-14
,49,Ntb,11,2014,2,21-Nov-14
,36,Ntb,11,2014,2,21-Nov-14
,69,Ntb,11,2014,2,21-Nov-14
,48,Ntb,11,2014,2,21-Nov-14
,54,Btj,11,2014,2,21-Nov-14
,47,Ntb,11,2014,2,21-Nov-14
,33,Btj,11,2014,2,21-Nov-14
,61,Btj,11,2014,2,20-Nov-14
,64,Ntb,11,2014,2,20-Nov-14
,31,Ntb,11,2014,2,20-Nov-14
,64,Ntb,11,2014,2,21-Nov-14
,53,Ntb,11,2014,2,21-Nov-14
,37,Btj,11,2014,2,19-Nov-14
,74,Ntb,11,2014,2,21-Nov-14
,28,Ntb,11,2014,2,21-Nov-14
,81,Ntb,11,2014,2,21-Nov-14
,31,Btj,11,2014,2,21-Nov-14
,88,Ntb,11,2014,2,21-Nov-14
,40,Ntb,11,2014,2,21-Nov-14
,43,Btj,11,2014,2,21-Nov-14
,40,Btj,11,2014,2,20-Nov-14
,39,Btj,11,2014,2,21-Nov-14
,30,Btj,11,2014,2,21-Nov-14
,51,Ntb,11,2014,2,21-Nov-14
,42,Btj,11,2014,2,21-Nov-14
,42,Ntb,11,2014,2,21-Nov-14
,55,Ntb,11,2014,2,20-Nov-14
,34,Ntb,11,2014,2,21-Nov-14
,40,Ntb,11,2014,2,21-Nov-14
,30,Btj,11,2014,2,21-Nov-14
,49,Ntb,11,2014,2,21-Nov-14
,44,Btj,11,2014,2,20-Nov-14
,50,Ntb,11,2014,2,20-Nov-14
,55,Btj,11,2014,2,20-Nov-14
,49,Ntb,11,2014,2,21-Nov-14
,27,Ntb,11,2014,2,21-Nov-14
,56,Btj,11,2014,2,19-Nov-14
,37,Ntb,11,2014,2,21-Nov-14
,62,Btj,11,2014,2,21-Nov-14
,19,Btj,11,2014,2,20-Nov-14
,42,Btj,11,2014,2,21-Nov-14
,26,Btj,11,2014,2,21-Nov-14
,46,Btj,11,2014,2,21-Nov-14
,50,Btj,11,2014,2,20-Nov-14
,37,Btj,11,2014,2,21-Nov-14
,41,Btj,11,2014,2,22-Nov-14
,50,Btj,11,2014,2,21-Nov-14
,62,Ntb,11,2014,2,20-Nov-14
,26,Btj,11,2014,2,21-Nov-14
,97,Btj,11,2014,2,21-Nov-14
,50,Btj,11,2014,2,22-Nov-14
,27,Ntb,11,2014,2,22-Nov-14
,33,Ntb,11,2014,2,22-Nov-14
,33,Ntb,11,2014,2,22-Nov-14
,46,Ntb,11,2014,2,22-Nov-14
,50,Ntb,11,2014,2,21-Nov-14
,72,Btj,11,2014,2,22-Nov-14
,41,Btj,11,2014,2,21-Nov-14
,44,Ntb,11,2014,2,22-Nov-14
,46,Btj,11,2014,2,18-Nov-14
,34,Ntb,11,2014,2,22-Nov-14
,73,Ntb,11,2014,2,21-Nov-14
,40,Ntb,11,2014,2,22-Nov-14
,38,Ntb,11,2014,2,21-Nov-14
,31,Ntb,11,2014,2,22-Nov-14
,53,Ntb,11,2014,2,22-Nov-14
,40,Btj,11,2014,2,22-Nov-14
,23,Btj,11,2014,2,24-Nov-14
,49,Btj,11,2014,2,21-Nov-14
,34,Ntb,11,2014,2,22-Nov-14
,91,Ntb,11,2014,2,22-Nov-14
,35,Ntb,11,2014,2,22-Nov-14
,35,Ntb,11,2014,2,22-Nov-14
,65,Ntb,11,2014,2,22-Nov-14
,53,Ntb,11,2014,2,22-Nov-14
,46,Btj,11,2014,2,21-Nov-14
,24,Btj,11,2014,2,23-Nov-14
,23,Btj,11,2014,2,23-Nov-14
,38,Btj,11,2014,2,22-Nov-14
,54,Btj,11,2014,2,22-Nov-14
,65,Btj,11,2014,2,23-Nov-14
,61,Ntb,11,2014,2,22-Nov-14
,46,Btj,11,2014,2,21-Nov-14
,98,Ntb,11,2014,2,22-Nov-14
,34,Btj,11,2014,2,22-Nov-14
,24,Btj,11,2014,2,22-Nov-14
,44,Ntb,11,2014,2,22-Nov-14
,54,Ntb,11,2014,2,22-Nov-14
,44,Btj,11,2014,2,22-Nov-14
,48,Ntb,11,2014,2,22-Nov-14
,26,Btj,11,2014,2,24-Nov-14
,41,Btj,11,2014,2,22-Nov-14
,57,Btj,11,2014,2,22-Nov-14
,46,Ntb,11,2014,2,22-Nov-14
,28,Btj,11,2014,2,24-Nov-14
,21,Btj,11,2014,2,22-Nov-14
,31,Ntb,11,2014,2,24-Nov-14
,34,Btj,11,2014,2,24-Nov-14
,49,Ntb,11,2014,2,22-Nov-14
,32,Btj,11,2014,2,24-Nov-14
,50,Btj,11,2014,2,24-Nov-14
,34,Ntb,11,2014,2,24-Nov-14
,41,Btj,11,2014,2,24-Nov-14
,51,Btj,11,2014,2,24-Nov-14
,36,Btj,11,2014,2,24-Nov-14
,26,Btj,11,2014,2,21-Nov-14
,42,Ntb,11,2014,2,24-Nov-14
,28,Btj,11,2014,2,22-Nov-14
,27,Btj,11,2014,2,22-Nov-14
,54,Ntb,11,2014,2,24-Nov-14
,43,Btj,11,2014,2,22-Nov-14
,24,Btj,11,2014,2,20-Nov-14
,50,Ntb,11,2014,2,22-Nov-14
,43,Ntb,11,2014,2,22-Nov-14
,36,Ntb,11,2014,2,24-Nov-14
,49,Btj,11,2014,2,22-Nov-14
,24,Btj,11,2014,2,24-Nov-14
,48,Btj,11,2014,2,18-Nov-14
,46,Btj,11,2014,2,24-Nov-14
,43,Btj,11,2014,2,24-Nov-14
,41,Btj,11,2014,2,25-Nov-14
,60,Ntb,11,2014,2,25-Nov-14
,29,Ntb,11,2014,2,24-Nov-14
,46,Ntb,11,2014,2,24-Nov-15
,20,Btj,11,2014,2,20-Nov-14
,35,Ntb,11,2014,2,26-Nov-14
,30,Btj,11,2014,2,26-Nov-14
,38,Btj,11,2014,2,26-Nov-14
,50,Btj,11,2014,2,22-Nov-14
,24,Ntb,11,2014,2,26-Nov-14
,28,Btj,11,2014,2,22-Nov-14
,24,Btj,11,2014,2,20-Nov-14
,47,Btj,11,2014,2,26-Nov-14
,51,Btj,11,2014,2,26-Nov-14
,76,Btj,11,2014,2,19-Nov-14
,32,Btj,11,2014,2,28-Nov-14
,49,Btj,11,2014,2,24-Nov-14
,60,Btj,11,2014,2,20-Nov-14
,37,NGM,12,2014,2,04-Dec-14
,32,NGM,12,2014,2,04-Dec-14
,35,NGM,12,2014,2,05-Dec-14
,37,NGM,12,2014,2,04-Dec-14
,28,NGM,12,2014,2,04-Dec-14
,33,NGM,12,2014,2,04-Dec-14
,32,NGM,12,2014,2,04-Dec-14
,47,NGM,12,2014,2,04-Dec-14
,18,NGM,12,2014,2,05-Dec-14
,29,NGM,12,2014,2,05-Dec-14
,49,NGM,12,2014,2,06-Dec-14
,31,NGM,12,2014,2,05-Dec-14
,19,NGM,12,2014,2,05-Dec-14
,17,NGM,12,2014,2,05-Dec-14
,16,NGM,12,2014,2,05-Dec-14
,27,NGM,12,2014,2,06-Dec-14
,31,NGM,12,2014,2,06-Dec-14
,31,NGM,12,2014,2,06-Dec-14
,45,NGM,12,2014,2,06-Dec-14
,31,NGM,12,2014,2,06-Dec-14
,27,NGM,12,2014,2,06-Dec-14
,30,NGM,12,2014,2,06-Dec-14
,29,NGM,12,2014,2,07-Dec-14
,23,NGM,12,2014,2,07-Dec-14
,25,NGM,12,2014,2,07-Dec-14
,33,NGM,12,2014,2,08-Dec-14
,48,NGM,12,2014,2,08-Dec-14
,32,NGM,12,2014,2,08-Dec-14
,31,NGM,12,2014,2,08-Dec-14
,24,NGM,12,2014,2,08-Dec-14
,57,NGM,12,2014,2,08-Dec-14
,44,NGM,12,2014,2,08-Dec-14
,26,NGM,12,2014,2,08-Dec-14
,32,NGM,12,2014,2,10-Dec-14
,28,PLS,4,2015,2,16-Apr-15
,30,PLS,4,2015,2,17-Apr-15
,55,PLS,4,2015,2,18-Apr-15
,26,PLS,4,2015,2,19-Apr-15
,44,PLS,4,2015,2,20-Apr-15
,53,PLS,4,2015,2,21-Apr-15
,58,PLS,4,2015,2,22-Apr-15
,37,PLS,4,2015,2,23-Apr-15
,36,PLS,4,2015,2,24-Apr-15
,50,PLS,4,2015,2,25-Apr-15
,73,PLS,4,2015,2,26-Apr-15
,30,PLS,4,2015,2,27-Apr-15
,59,PLS,4,2015,2,28-Apr-15
,64,PLS,4,2015,2,29-Apr-15
,23,PLS,4,2015,2,30-Apr-15
,44,PLS,5,2015,2,02-May-15
,63,PLS,5,2015,2,03-May-15
,21,PLS,5,2015,2,04-May-15
,49,PLS,5,2015,2,29-Apr-14
,31,PLS,5,2015,2,05-May-15
,36,PLS,5,2015,2,06-May-15
,22,PLS,5,2015,2,07-May-15
,38,PLS,5,2015,2,08-May-15
,41,PLS,5,2015,2,09-May-15
,42,PLS,5,2015,2,11-May-15
,25,PLS,5,2015,2,12-May-15
