ID,cem301_attendees_total,cem011_prgrm,month,year
,32,SRK,1,2012
,37,KBK2,1,2012
,53,MBL1,1,2012
,55,KBK2,1,2012
,38,MBL1,1,2012
,45,MBL1,1,2012
,64,PLS,1,2012
,56,SRK,9,2012
,33,KBK4,1,2013
,22,KBK4,1,2013
,52,KBK3,4,2013
,25,KBK3,4,2013
,38,KBK3,4,2013
,68,KBK3,4,2013
,35,KBK3,4,2013
,30,KBK3,4,2013
,19,KBK3,4,2013
,44,KBK3,4,2013
,32,KBK3,4,2013
,32,KBK3,4,2013
,48,KBK3,4,2013
,30,KBK3,4,2013
,42,KBK3,4,2013
,23,KBK1,4,2013
,32,KBK3,4,2013
,30,KBK3,4,2013
,52,KBK3,4,2013
,25,KBK3,4,2013
,21,KBK3,4,2013
,22,KBK3,4,2013
,20,KBK1,4,2013
,49,KBK3,4,2013
,37,KBK3,4,2013
,32,KBK3,4,2013
,32,KBK3,4,2013
,48,KBK3,4,2013
,17,KBK3,4,2013
,22,KBK3,4,2013
,30,KBK3,4,2013
,19,KBK3,4,2013
,38,KBK3,4,2013
,46,KBK3,4,2013
,44,KBK3,4,2013
,29,KBK3,4,2013
,37,KBK3,4,2013
,23,KBK3,4,2013
,26,KBK3,4,2013
,26,KBK3,4,2013
,21,KBK3,4,2013
,35,KBK3,4,2013
,33,KBK3,4,2013
,28,KBK3,4,2013
,,KBK4,4,2013
,39,KBK3,4,2013
,21,KBK3,4,2013
,54,KBK3,4,2013
,20,KBK3,4,2013
,19,KBK3,4,2013
,39,KBK3,4,2013
,29,KBK3,4,2013
,,KBK4,4,2013
,29,KBK3,4,2013
,22,KBK3,4,2013
,44,KBK3,4,2013
,21,KBK3,4,2013
,32,KBK3,4,2013
,19,KBK3,4,2013
,21,KBK3,4,2013
,19,KBK3,4,2013
,41,KBK3,4,2013
,26,KBK3,4,2013
,59,KBK3,4,2013
,31,KBK3,4,2013
,61,KBK3,4,2013
,24,KBK3,4,2013
,155,KBK3,4,2013
,37,KBK3,4,2013
,28,KBK3,4,2013
,28,KBK3,4,2013
,31,KBK3,4,2013
,19,KBK3,4,2013
,45,KBK3,4,2013
,30,KBK3,4,2013
,30,KBK3,4,2013
,31,KBK3,4,2013
,34,KBK3,4,2013
,22,KBK3,4,2013
,38,KBK3,4,2013
,29,KBK3,4,2013
,75,KBK3,4,2013
,21,KBK3,4,2013
,37,BTJ,1,2015
,36,KBK3,4,2013
,33,KBK3,4,2013
,31,KBK3,4,2013
,23,KBK3,4,2013
,22,KBK3,4,2013
,22,KBK3,4,2013
,40,KBK2,4,2013
,24,KBK3,4,2013
,35,KBK3,4,2013
,10,KBK3,4,2013
,20,KBK3,4,2013
,31,KBK3,4,2013
,24,KBK3,4,2013
,43,KBK3,4,2013
,30,KBK3,4,2013
,36,KBK2,4,2013
,28,KBK3,4,2013
,31,KBK3,4,2013
,33,KBK3,4,2013
,42,KBK3,4,2013
,32,KBK3,4,2013
,28,KBK3,4,2013
,32,KBK3,4,2013
,37,KBK3,4,2013
,32,KBK3,4,2013
,16,KBK3,4,2013
,68,KBK3,4,2013
,33,KBK3,4,2013
,28,KBK1,4,2013
,38,KBK3,4,2013
,48,KBK3,4,2013
,41,KBK3,4,2013
,43,KBK3,4,2013
,44,KBK3,4,2013
,40,KBK3,4,2013
,59,KBK3,4,2013
,38,KBK3,4,2013
,36,KBK4,4,2013
,21,KBK1,4,2013
,32,KBK3,4,2013
,37,KBK3,4,2013
,35,KBK3,4,2013
,27,KBK3,4,2013
,40,KBK3,4,2013
,37,KBK3,4,2013
,54,KBK3,4,2013
,41,KBK3,4,2013
,28,KBK3,4,2013
,55,KBK3,4,2013
,58,KBK3,4,2013
,35,KBK3,4,2013
,46,KBK3,4,2013
,35,KBK3,4,2013
,66,KBK3,4,2013
,54,KBK3,4,2013
,30,KBK3,4,2013
,32,KBK3,4,2013
,29,KBK3,4,2013
,71,KBK3,4,2013
,35,KBK3,4,2013
,40,KBK3,4,2013
,55,KBK3,4,2013
,22,KBK3,4,2013
,34,KBK3,4,2013
,32,KBK3,4,2013
,36,KBK1,4,2013
,44,KBK3,4,2013
,42,KBK3,4,2013
,39,KBK3,4,2013
,31,KBK3,4,2013
,22,KBK3,4,2013
,41,KBK3,4,2013
,44,KBK3,4,2013
,40,KBK3,4,2013
,22,KBK3,4,2013
,25,KBK3,4,2013
,39,KBK3,4,2013
,59,KBK3,4,2013
,102,KBK3,4,2013
,86,KBK3,4,2013
,39,KBK2,4,2013
,48,KBK3,4,2013
,33,KBK3,4,2013
,32,KBK3,4,2013
,33,KBK3,4,2013
,56,KBK3,4,2013
,37,KBK3,4,2013
,61,KBK3,4,2013
,38,KBK3,5,2013
,49,KBK3,5,2013
,39,KBK3,5,2013
,35,KBK3,5,2013
,58,KBK3,5,2013
,27,KBK3,5,2013
,56,KBK3,5,2013
,25,KBK1,5,2013
,41,KBK3,5,2013
,40,KBK3,5,2013
,35,KBK3,5,2013
,61,KBK3,5,2013
,40,KBK1,5,2013
,40,KBK3,5,2013
,43,KBK3,5,2013
,45,KBK2,5,2013
,14,KBK3,5,2013
,49,KBK3,5,2013
,67,KBK3,5,2013
,43,KBK3,5,2013
,36,KBK2,5,2013
,60,KBK3,5,2013
,41,KBK3,5,2013
,52,KBK1,5,2013
,30,KBK3,5,2013
,12,KBK3,5,2013
,48,KBK3,5,2013
,39,KBK3,5,2013
,50,KBK3,5,2013
,47,KBK3,5,2013
,52,KBK3,5,2013
,46,KBK3,5,2013
,42,KBK3,5,2013
,31,KBK3,5,2013
,62,KBK3,5,2013
,28,KBK3,5,2013
,47,KBK3,5,2013
,96,KBK3,5,2013
,28,KBK4,5,2013
,60,KBK3,5,2013
,28,KBK3,5,2013
,47,KBK3,5,2013
,,KBK3,5,2013
,51,KBK3,5,2013
,15,KBK3,5,2013
,31,KBK3,5,2013
,28,KBK4,5,2013
,43,KBK3,5,2013
,38,KBK4,5,2013
,27,KBK3,5,2013
,30,KBK3,5,2013
,35,KBK4,5,2013
,41,KBK3,5,2013
,55,KBK3,5,2013
,60,KBK3,5,2013
,45,KBK3,5,2013
,40,KBK3,5,2013
,38,KBK3,5,2013
,23,KBK3,5,2013
,35,KBK3,5,2013
,72,KBK3,5,2013
,41,KBK3,5,2013
,40,KBK3,5,2013
,60,KBK3,5,2013
,43,KBK3,5,2013
,78,KBK3,5,2013
,63,KBK3,5,2013
,78,KBK3,5,2013
,51,KBK3,5,2013
,36,KBK3,5,2013
,38,KBK3,5,2013
,57,KBK3,5,2013
,36,KBK3,5,2013
,79,KBK3,5,2013
,22,KBK3,5,2013
,34,KBK3,5,2013
,30,KBK3,5,2013
,34,KBK3,5,2013
,70,KBK3,5,2013
,89,KBK3,5,2013
,32,KBK3,5,2013
,52,KBK3,5,2013
,89,KBK3,5,2013
,26,KBK3,5,2013
,41,KBK3,5,2013
,40,KBK3,5,2013
,25,KBK3,5,2013
,37,KBK3,5,2013
,60,KBK3,5,2013
,50,KBK3,5,2013
,35,KBK3,5,2013
,37,KBK3,5,2013
,25,KBK3,5,2013
,67,KBK3,5,2013
,46,KBK3,5,2013
,46,KBK3,5,2013
,46,KBK3,5,2013
,49,KBK3,5,2013
,70,KBK3,5,2013
,40,KBK3,5,2013
,30,KBK3,5,2013
,35,KBK3,5,2013
,49,KBK3,5,2013
,48,KBK3,5,2013
,67,KBK3,5,2013
,50,KBK3,5,2013
,22,KBK3,5,2013
,36,KBK3,5,2013
,39,KBK3,5,2013
,43,KBK3,5,2013
,46,KBK3,5,2013
,27,KBK3,5,2013
,40,KBK4,5,2013
,22,KBK3,5,2013
,83,KBK3,5,2013
,45,KBK3,5,2013
,45,KBK3,5,2013
,28,KBK3,5,2013
,33,KBK3,5,2013
,24,KBK3,5,2013
,56,KBK3,5,2013
,38,KBK3,5,2013
,35,KBK4,5,2013
,33,KBK3,5,2013
,63,KBK3,5,2013
,60,KBK3,5,2013
,42,KBK3,5,2013
,21,KBK3,5,2013
,25,KBK3,5,2013
,86,KBK3,5,2013
,40,KBK3,5,2013
,61,KBK3,5,2013
,39,KBK3,5,2013
,41,KBK3,5,2013
,50,KBK3,5,2013
,41,KBK3,5,2013
,40,KBK3,5,2013
,56,KBK3,5,2013
,31,KBK3,5,2013
,33,KBK3,5,2013
,32,KBK3,5,2013
,13,KBK3,5,2013
,74,KBK3,5,2013
,28,KBK3,5,2013
,54,KBK3,5,2013
,59,KBK3,5,2013
,60,KBK3,5,2013
,35,KBK3,5,2013
,40,KBK3,5,2013
,25,KBK3,5,2013
,34,KBK3,5,2013
,31,KBK3,5,2013
,24,KBK3,5,2013
,38,KBK3,5,2013
,42,KBK3,5,2013
,28,KBK3,5,2013
,55,KBK3,5,2013
,40,KBK3,5,2013
,35,KBK3,5,2013
,61,KBK3,5,2013
,28,KBK3,5,2013
,43,KBK3,5,2013
,25,KBK3,5,2013
,42,KBK3,5,2013
,51,KBK3,5,2013
,18,KBK3,5,2013
,20,KBK3,5,2013
,38,KBK3,5,2013
,43,KBK3,5,2013
,47,KBK3,5,2013
,60,KBK3,5,2013
,30,KBK3,5,2013
,30,KBK3,5,2013
,38,KBK3,5,2013
,50,KBK3,5,2013
,40,KBK3,5,2013
,40,KBK3,5,2013
,23,KBK3,5,2013
,29,KBK3,5,2013
,32,KBK3,5,2013
,30,KBK3,5,2013
,55,KBK3,5,2013
,35,KBK3,5,2013
,61,KBK3,5,2013
,30,KBK3,5,2013
,28,KBK3,5,2013
,45,KBK3,5,2013
,80,KBK3,5,2013
,25,KBK3,5,2013
,30,KBK3,5,2013
,50,KBK3,5,2013
,35,KBK3,5,2013
,55,KBK3,5,2013
,52,KBK3,5,2013
,50,KBK3,5,2013
,50,KBK3,5,2013
,25,KBK3,5,2013
,29,KBK3,5,2013
,40,KBK3,5,2013
,57,KBK3,5,2013
,22,KBK3,5,2013
,61,KBK3,5,2013
,30,KBK3,5,2013
,30,KBK3,5,2013
,61,KBK3,5,2013
,56,KBK3,5,2013
,49,KBK3,5,2013
,50,KBK3,5,2013
,25,KBK3,5,2013
,22,KBK3,5,2013
,27,KBK3,5,2013
,20,KBK3,5,2013
,45,KBK3,5,2013
,44,KBK3,5,2013
,28,KBK3,5,2013
,21,KBK3,5,2013
,37,KBK3,5,2013
,29,KBK3,5,2013
,23,KBK3,5,2013
,42,KBK3,5,2013
,64,KBK3,5,2013
,25,KBK3,5,2013
,35,KBK3,5,2013
,55,KBK3,5,2013
,39,KBK3,5,2013
,39,KBK3,5,2013
,74,KBK3,5,2013
,36,KBK3,5,2013
,34,KBK3,5,2013
,41,KBK3,5,2013
,41,KBK3,5,2013
,48,KBK3,5,2013
,50,KBK3,5,2013
,63,KBK3,5,2013
,28,KBK3,5,2013
,37,KBK3,5,2013
,55,KBK3,5,2013
,36,KBK3,5,2013
,69,KBK3,5,2013
,50,KBK4,5,2013
,36,KBK3,5,2013
,47,KBK3,5,2013
,23,KBK3,5,2013
,16,KBK3,5,2013
,20,KBK3,5,2013
,50,KBK3,5,2013
,58,KBK2,7,2013
,33,KBK2,7,2013
,25,KBK4,7,2013
,50,KBK4,7,2013
,52,KBK4,7,2013
,45,KBK4,7,2013
,35,KBK4,7,2013
,45,KBK4,7,2013
,26,KBK4,7,2013
,50,KBK4,7,2013
,30,KBK4,7,2013
,35,KBK4,7,2013
,49,KBK4,7,2013
,33,KBK4,7,2013
,29,KBK4,7,2013
,53,KBK4,7,2013
,24,KBK4,7,2013
,31,KBK4,7,2013
,42,KBK4,7,2013
,21,KBK1,7,2013
,44,KBK4,7,2013
,28,KBK4,7,2013
,49,KBK4,7,2013
,14,KBK4,7,2013
,69,KBK1,7,2013
,31,KBK4,7,2013
,68,KBK4,7,2013
,34,KBK4,7,2013
,45,KBK4,7,2013
,24,KBK4,7,2013
,47,KBK4,7,2013
,43,KBK4,7,2013
,20,KBK4,7,2013
,61,KBK4,7,2013
,53,KBK4,7,2013
,29,KBK4,8,2013
,30,KBK4,8,2013
,48,KBK4,8,2013
,31,KBK4,8,2013
,46,KBK4,8,2013
,22,KBK4,8,2013
,29,KBK4,8,2013
,33,KBK4,8,2013
,18,KBK4,8,2013
,32,KBK4,8,2013
,40,KBK4,8,2013
,54,KBK4,8,2013
,15,KBK4,8,2013
,34,KBK4,8,2013
,25,KBK4,8,2013
,29,KBK4,8,2013
,38,KBK4,8,2013
,40,KBK4,8,2013
,31,KBK4,8,2013
,51,KBK4,8,2013
,39,KBK4,8,2013
,45,KBK4,8,2013
,48,KBK4,8,2013
,17,KBK4,8,2013
,21,KBK4,8,2013
,51,KBK1,8,2013
,24,KBK4,8,2013
,42,KBK4,8,2013
,41,KBK4,8,2013
,21,KBK4,8,2013
,46,KBK2,8,2013
,30,KBK4,8,2013
,30,KBK4,8,2013
,34,KBK4,8,2013
,51,KBK4,8,2013
,40,KBK4,8,2013
,52,KBK2,8,2013
,52,KBK3,8,2013
,35,KBK4,8,2013
,39,KBK3,8,2013
,25,KBK4,8,2013
,30,KBK4,8,2013
,30,KBK4,8,2013
,50,KBK4,8,2013
,89,KBK4,8,2013
,45,KBK4,8,2013
,56,KBK2,8,2013
,30,KBK2,8,2013
,35,KBK2,8,2013
,30,KBK4,8,2013
,10,KBK4,8,2013
,28,KBK4,8,2013
,33,KBK4,8,2013
,24,KBK4,8,2013
,42,KBK4,8,2013
,22,KBK4,8,2013
,23,KBK4,8,2013
,48,KBK4,8,2013
,34,KBK4,8,2013
,35,KBK1,8,2013
,24,KBK4,8,2013
,53,KBK4,8,2013
,24,KBK4,8,2013
,41,KBK4,8,2013
,52,KBK4,8,2013
,28,KBK4,8,2013
,41,KBK4,8,2013
,48,KBK4,8,2013
,28,KBK4,8,2013
,51,KBK4,8,2013
,30,KBK4,8,2013
,30,KBK4,8,2013
,49,KBK4,8,2013
,34,KBK4,8,2013
,50,KBK4,8,2013
,72,KBK4,8,2013
,22,KBK4,8,2013
,66,KBK4,8,2013
,45,KBK4,8,2013
,25,KBK4,8,2013
,25,KBK4,8,2013
,32,KBK4,8,2013
,34,KBK4,8,2013
,69,KBK4,8,2013
,46,KBK4,8,2013
,20,KBK4,8,2013
,28,KBK4,8,2013
,37,KBK4,8,2013
,17,KBK4,8,2013
,38,KBK4,8,2013
,46,KBK4,8,2013
,52,KBK4,8,2013
,48,KBK4,8,2013
,30,KBK4,8,2013
,39,KBK4,8,2013
,23,KBK4,8,2013
,42,KBK4,8,2013
,32,KBK4,8,2013
,58,KBK4,8,2013
,37,KBK4,8,2013
,32,KBK4,8,2013
,37,KBK4,8,2013
,40,KBK4,8,2013
,57,KBK4,8,2013
,27,KBK4,8,2013
,28,KBK4,8,2013
,20,KBK4,8,2013
,32,KBK4,8,2013
,52,KBK4,8,2013
,16,KBK2,8,2013
,43,KBK4,8,2013
,28,KBK4,8,2013
,23,KBK4,8,2013
,21,KBK4,8,2013
,36,KBK2,8,2013
,41,KBK4,8,2013
,41,KBK2,8,2013
,32,KBK4,8,2013
,20,KBK4,8,2013
,48,KBK2,8,2013
,37,MBL1,8,2014
,26,SRK,9,2014
,35,MFW,1,2014
,58,MFW,1,2014
,42,MFW,1,2014
,63,MFW,1,2014
,35,MFW,1,2014
,41,MFW,1,2014
,22,MFW,1,2014
,51,MFW,1,2014
,60,MFW,1,2014
,53,MFW,1,2014
,76,MFW,1,2014
,63,MFW,1,2014
,84,MFW,1,2014
,79,MFW,1,2014
,56,MFW,1,2014
,54,MFW,1,2014
,32,MFW,1,2014
,75,MFW,1,2014
,21,MFW,1,2014
,25,MFW,1,2014
,54,MFW,1,2014
,98,MFW,1,2014
,71,MFW,1,2014
,39,MFW,1,2014
,51,MFW,1,2014
,45,MFW,1,2014
,37,MFW,1,2014
,38,MFW,1,2014
,98,MFW,1,2014
,29,MFW,1,2014
,30,MFW,1,2014
,31,MFW,1,2014
,22,MFW,1,2014
,59,MFW,1,2014
,50,MFW,1,2014
,84,MFW,1,2014
,44,MFW,1,2014
,24,MFW,1,2014
,57,MFW,1,2014
,50,MFW,1,2014
,65,MFW,1,2014
,104,MFW,1,2014
,50,MFW,1,2014
,44,MFW,1,2014
,45,MFW,1,2014
,70,MFW,1,2014
,62,MFW,1,2014
,95,MFW,1,2014
,21,MFW,1,2014
,85,MFW,1,2014
,102,MFW,1,2014
,35,MFW,1,2014
,76,MFW,1,2014
,81,MFW,1,2014
,67,MFW,1,2014
,60,MFW,1,2014
,55,MFW,1,2014
,24,MFW,1,2014
,41,MFW,1,2014
,55,MFW,1,2014
,41,MFW,1,2014
,40,MFW,1,2014
,31,MFW,1,2014
,30,MFW,1,2014
,44,MFW,1,2014
,76,MFW,1,2014
,113,MFW,1,2014
,65,MFW,1,2014
,48,MFW,1,2014
,72,MFW,1,2014
,25,MFW,1,2014
,28,MFW,1,2014
,43,MFW,1,2014
,94,MFW,1,2014
,54,MFW,1,2014
,114,MFW,1,2014
,60,MFW,1,2014
,50,MFW,1,2014
,39,MFW,1,2014
,29,MFW,1,2014
,68,MFW,1,2014
,45,MFW,1,2014
,58,MFW,1,2014
,48,MFW,1,2014
,41,MFW,1,2014
,40,MFW,1,2014
,85,MFW,1,2014
,92,MFW,1,2014
,52,MFW,1,2014
,23,MFW,1,2014
,44,MFW,1,2014
,30,MFW,1,2014
,61,MFW,1,2014
,23,SRK,1,2012
,52,MFW,1,2014
,30,MFW,1,2014
,98,MFW,1,2014
,45,MFW,1,2014
,31,MFW,1,2014
,45,MFW,1,2014
,62,MFW,1,2014
,30,MFW,1,2014
,72,MFW,1,2014
,62,MFW,1,2014
,20,MFW,1,2014
,56,MFW,1,2014
,33,MFW,1,2014
,38,MFW,1,2014
,31,MFW,1,2014
,115,MFW,1,2014
,65,MFW,1,2014
,54,MFW,1,2014
,107,MFW,1,2014
,62,MFW,1,2014
,32,MFW,1,2014
,44,MFW,1,2014
,43,MFW,1,2014
,36,MFW,1,2014
,29,MFW,1,2014
,64,MFW,1,2014
,88,MFW,1,2014
,48,MFW,1,2014
,34,MFW,1,2014
,66,MFW,1,2014
,64,MFW,1,2014
,103,MFW,1,2014
,21,MFW,1,2014
,56,MFW,1,2014
,49,MFW,1,2014
,49,MFW,1,2014
,80,MFW,1,2014
,38,MFW,1,2014
,49,MFW,1,2014
,42,MFW,1,2014
,42,MFW,1,2014
,78,MFW,1,2014
,57,MFW,1,2014
,67,MFW,1,2014
,79,MFW,1,2014
,31,MFW,1,2014
,37,MFW,1,2014
,70,MFW,1,2014
,41,MFW,1,2014
,42,MFW,1,2014
,58,MFW,1,2014
,162,MFW,1,2014
,120,MFW,1,2014
,38,MFW,1,2014
,30,MFW,1,2014
,80,MFW,1,2014
,62,MFW,1,2014
,60,MFW,1,2014
,80,MFW,1,2014
,44,MFW,1,2014
,101,MFW,1,2014
,220,MFW,1,2014
,54,MFW,1,2014
,61,MFW,1,2014
,53,MFW,1,2014
,45,MFW,1,2014
,51,MFW,1,2014
,88,MFW,1,2014
,44,MFW,1,2014
,85,MFW,1,2014
,59,MFW,1,2014
,86,MFW,1,2014
,31,MFW,1,2014
,69,MFW,1,2014
,46,MFW,1,2014
,50,MFW,1,2014
,42,MFW,1,2014
,82,MFW,1,2014
,50,MFW,1,2014
,79,MFW,1,2014
,211,MFW,1,2014
,68,MFW,1,2014
,48,MFW,1,2014
,33,MFW,1,2014
,144,MFW,1,2014
,35,MFW,1,2014
,61,MFW,1,2014
,29,MFW,1,2014
,54,MFW,1,2014
,38,MFW,1,2014
,41,MFW,1,2014
,35,MFW,1,2014
,62,MFW,1,2014
,73,MFW,1,2014
,48,MFW,1,2014
,49,MFW,1,2014
,52,MFW,1,2014
,58,MFW,1,2014
,80,MFW,1,2014
,90,MFW,1,2014
,66,MFW,1,2014
,49,MFW,1,2014
,71,MFW,1,2014
,75,MFW,1,2014
,45,MFW,1,2014
,22,MFW,1,2014
,40,MFW,1,2014
,60,MFW,1,2014
,84,MFW,1,2014
,41,MFW,1,2014
,80,MFW,1,2014
,58,MFW,1,2014
,66,MFW,1,2014
,69,MFW,1,2014
,68,MFW,1,2014
,52,MFW,1,2014
,35,MFW,1,2014
,40,MFW,1,2014
,48,MFW,1,2014
,98,MFW,1,2014
,35,MFW,1,2014
,19,MFW,1,2014
,72,MFW,1,2014
,43,MFW,1,2014
,82,MFW,1,2014
,77,MFW,1,2014
,257,MFW,1,2014
,47,MFW,1,2014
,52,MFW,1,2014
,54,MFW,1,2014
,45,MFW,1,2014
,51,MFW,1,2014
,43,MFW,1,2014
,90,MFW,1,2014
,45,MFW,1,2014
,67,MFW,1,2014
,77,MFW,1,2014
,30,MFW,1,2014
,54,MFW,1,2014
,80,MFW,1,2014
,53,MFW,1,2014
,68,MFW,1,2014
,74,MFW,1,2014
,38,MFW,1,2014
,61,MFW,1,2014
,81,MFW,1,2014
,70,MFW,1,2014
,60,MFW,1,2014
,60,MFW,1,2014
,35,MFW,1,2014
,41,MFW,1,2014
,87,MFW,1,2014
,56,MFW,1,2014
,58,MFW,1,2014
,33,MFW,1,2014
,60,MFW,1,2014
,116,MFW,1,2014
,73,MFW,1,2014
,39,MFW,1,2014
,39,MFW,1,2014
,63,MFW,1,2014
,50,MFW,1,2014
,40,MFW,1,2014
,83,MFW,1,2014
,210,MFW,1,2014
,74,MFW,1,2014
,56,MFW,1,2014
,58,MFW,1,2014
,53,MFW,1,2014
,89,MFW,1,2014
,76,MFW,1,2014
,35,MFW,1,2014
,14,MFW,1,2014
,57,MFW,1,2014
,82,MFW,1,2014
,66,MFW,1,2014
,40,MFW,1,2014
,70,MFW,1,2014
,109,MFW,1,2014
,53,MFW,1,2014
,77,MFW,1,2014
,49,MFW,1,2014
,40,MFW,1,2014
,47,MFW,1,2014
,35,MFW,1,2014
,90,MFW,1,2014
,57,MFW,1,2014
,44,MFW,1,2014
,47,MFW,1,2014
,40,MFW,1,2014
,112,MFW,1,2014
,73,MFW,2,2014
,69,MFW,2,2014
,28,MFW,2,2014
,51,MFW,2,2014
,40,MFW,2,2014
,66,MFW,2,2014
,152,MFW,2,2014
,58,MFW,2,2014
,20,MFW,2,2014
,35,MFW,2,2014
,40,MFW,2,2014
,20,MFW,2,2014
,121,MFW,2,2014
,69,MFW,2,2014
,52,MFW,2,2014
,85,MFW,2,2014
,60,MFW,2,2014
,44,MFW,2,2014
,119,MFW,2,2014
,58,MFW,2,2014
,106,MFW,2,2014
,17,MFW,2,2014
,38,MFW,2,2014
,135,MFW,2,2014
,50,MFW,2,2014
,36,MFW,2,2014
,64,MFW,2,2014
,55,MFW,2,2014
,32,MFW,2,2014
,180,MFW,2,2014
,97,MFW,2,2014
,88,MFW,2,2014
,84,MFW,2,2014
,87,MFW,2,2014
,48,MFW,2,2014
,54,MFW,2,2014
,40,MFW,2,2014
,65,MFW,2,2014
,23,MFW,2,2014
,173,MFW,2,2014
,72,MFW,2,2014
,30,MFW,2,2014
,35,MFW,2,2014
,77,MFW,2,2014
,108,MFW,2,2014
,102,MFW,2,2014
,45,MFW,2,2014
,60,MFW,2,2014
,53,MFW,2,2014
,68,MFW,2,2014
,83,MFW,2,2014
,35,MFW,2,2014
,120,MFW,2,2014
,85,MFW,2,2014
,62,MFW,2,2014
,52,MFW,2,2014
,55,MFW,2,2014
,92,MFW,2,2014
,69,MFW,2,2014
,68,MFW,2,2014
,86,MFW,2,2014
,86,MFW,2,2014
,42,MFW,2,2014
,50,MFW,2,2014
,56,MFW,2,2014
,101,MFW,2,2014
,40,MFW,2,2014
,61,MFW,2,2014
,96,MFW,2,2014
,38,MFW,2,2014
,73,MFW,2,2014
,60,MFW,2,2014
,34,MFW,2,2014
,65,MFW,2,2014
,40,MFW,2,2014
,86,MFW,2,2014
,56,MFW,2,2014
,33,MFW,2,2014
,62,MFW,2,2014
,44,MFW,2,2014
,60,MFW,2,2014
,41,MFW,2,2014
,79,MFW,2,2014
,48,MFW,2,2014
,31,MFW,2,2014
,108,MFW,2,2014
,57,MFW,2,2014
,70,MFW,2,2014
,76,MFW,2,2014
,46,MFW,2,2014
,52,MFW,2,2014
,49,MFW,2,2014
,55,MFW,2,2014
,111,MFW,2,2014
,101,MFW,2,2014
,17,MFW,2,2014
,38,MFW,2,2014
,84,MFW,2,2014
,58,MFW,2,2014
,80,MFW,2,2014
,84,MFW,2,2014
,50,MFW,2,2014
,45,MFW,2,2014
,52,MFW,2,2014
,34,MFW,2,2014
,69,MFW,2,2014
,77,MFW,2,2014
,33,MFW,2,2014
,50,MFW,2,2014
,75,MFW,2,2014
,50,MFW,2,2014
,62,MFW,2,2014
,38,MFW,2,2014
,92,MFW,2,2014
,65,MFW,2,2014
,49,MFW,2,2014
,53,MFW,2,2014
,32,MFW,2,2014
,55,MFW,2,2014
,56,MFW,2,2014
,61,MFW,2,2014
,42,MFW,2,2014
,50,MFW,2,2014
,72,MFW,2,2014
,62,MFW,2,2014
,68,MFW,2,2014
,32,MFW,2,2014
,42,MFW,2,2014
,68,MFW,2,2014
,65,MFW,2,2014
,75,MFW,2,2014
,41,MFW,2,2014
,40,MFW,2,2014
,24,MFW,2,2014
,64,MFW,2,2014
,61,MFW,2,2014
,32,MFW,2,2014
,54,MFW,2,2014
,59,MFW,2,2014
,37,MFW,2,2014
,72,MFW,2,2014
,72,MFW,2,2014
,56,MFW,2,2014
,78,MFW,2,2014
,81,MFW,2,2014
,58,MFW,2,2014
,46,MFW,2,2014
,49,MFW,2,2014
,49,MFW,2,2014
,80,MFW,2,2014
,39,MFW,2,2014
,78,MFW,2,2014
,30,MFW,2,2014
,51,MFW,2,2014
,74,MFW,2,2014
,56,MFW,2,2014
,82,MFW,2,2014
,69,MFW,2,2014
,79,MFW,2,2014
,41,MFW,2,2014
,68,MFW,2,2014
,65,MFW,2,2014
,85,MFW,2,2014
,27,MFW,2,2014
,83,MFW,2,2014
,46,MFW,2,2014
,36,MFW,2,2014
,24,MFW,2,2014
,28,MFW,2,2014
,85,MFW,2,2014
,57,MFW,2,2014
,50,MFW,2,2014
,46,MFW,2,2014
,210,MFW,2,2014
,52,MFW,2,2014
,50,MFW,2,2014
,60,MFW,2,2014
,30,MFW,2,2014
,60,MFW,2,2014
,71,MFW,2,2014
,20,MFW,2,2014
,45,MFW,2,2014
,44,MFW,2,2014
,69,MFW,2,2014
,68,MFW,2,2014
,73,MFW,2,2014
,55,MFW,2,2014
,71,MFW,2,2014
,43,MFW,2,2014
,52,MFW,2,2014
,22,MFW,2,2014
,65,MFW,2,2014
,59,MFW,2,2014
,40,MFW,2,2014
,49,MFW,2,2014
,32,MFW,2,2014
,37,MFW,2,2014
,74,MFW,2,2014
,70,MFW,2,2014
,35,MFW,2,2014
,41,MFW,2,2014
,50,MFW,2,2014
,26,MFW,2,2014
,51,MFW,2,2014
,41,MFW,2,2014
,70,MFW,2,2014
,69,MFW,2,2014
,46,MFW,2,2014
,79,MFW,2,2014
,58,MFW,2,2014
,73,MFW,2,2014
,68,MFW,2,2014
,55,MFW,2,2014
,19,MFW,2,2014
,39,MFW,2,2014
,54,MFW,2,2014
,61,MFW,2,2014
,52,MFW,2,2014
,31,MFW,2,2014
,98,MFW,2,2014
,63,MFW,2,2014
,75,MFW,2,2014
,70,MFW,2,2014
,67,MFW,2,2014
,44,MFW,2,2014
,84,MFW,2,2014
,81,MFW,2,2014
,70,MFW,2,2014
,38,MFW,2,2014
,50,MFW,2,2014
,73,MFW,2,2014
,39,MFW,2,2014
,79,MFW,2,2014
,40,MFW,2,2014
,29,MFW,2,2014
,50,MFW,2,2014
,58,MFW,2,2014
,56,MFW,2,2014
,77,MFW,2,2014
,57,MFW,2,2014
,33,MFW,2,2014
,43,MFW,2,2014
,70,MFW,2,2014
,32,MFW,2,2014
,83,MFW,2,2014
,51,MFW,2,2014
,51,MFW,2,2014
,55,MFW,2,2014
,33,MFW,2,2014
,51,MFW,2,2014
,82,MFW,2,2014
,74,SRK,2,2014
,74,MFW,2,2014
,50,MFW,2,2014
,42,MFW,2,2014
,99,MFW,2,2014
,34,BTJ,2,2015
,29,MFW,2,2014
,58,MFW,2,2014
,67,MFW,2,2014
,42,MFW,2,2014
,28,MFW,2,2014
,59,MFW,2,2014
,72,MFW,2,2014
,46,MFW,2,2014
,68,MFW,2,2014
,39,MFW,2,2014
,42,MFW,2,2014
,56,MFW,2,2014
,51,MFW,2,2014
,57,MFW,2,2014
,30,MFW,2,2014
,61,MFW,2,2014
,38,MFW,2,2014
,71,MFW,2,2014
,40,MFW,2,2014
,21,MFW,2,2014
,53,MFW,2,2014
,45,MFW,2,2014
,38,MFW,2,2014
,87,MFW,2,2014
,41,MFW,2,2014
,64,MFW,2,2014
,58,MFW,2,2014
,71,MFW,2,2014
,45,MFW,2,2014
,35,MFW,2,2014
,31,MFW,2,2014
,120,MFW,2,2014
,60,MFW,2,2014
,38,MFW,2,2014
,48,MFW,2,2014
,39,MFW,2,2014
,163,MFW,2,2014
,56,MFW,2,2014
,40,MFW,2,2014
,51,MFW,2,2014
,48,MFW,2,2014
,53,MFW,2,2014
,48,MFW,2,2014
,61,MFW,2,2014
,30,MFW,2,2014
,32,MFW,2,2014
,29,MFW,2,2014
,49,MFW,2,2014
,80,MFW,2,2014
,68,MFW,2,2014
,46,MFW,2,2014
,23,MFW,2,2014
,20,MFW,2,2014
,36,MFW,2,2014
,55,MFW,2,2014
,68,MFW,2,2014
,59,MFW,2,2014
,42,MFW,2,2014
,18,MFW,2,2014
,77,MFW,2,2014
,56,MFW,2,2014
,76,MFW,2,2014
,63,MFW,2,2014
,60,MFW,2,2014
,50,MFW,2,2014
,68,MFW,2,2014
,65,MFW,2,2014
,51,MFW,2,2014
,46,MFW,2,2014
,64,MFW,2,2014
,38,MFW,2,2014
,70,MFW,2,2014
,60,MFW,2,2014
,56,MFW,2,2014
,32,MFW,2,2014
,52,MFW,2,2014
,85,MFW,2,2014
,29,MFW,2,2014
,59,MFW,2,2014
,56,MFW,2,2014
,60,MFW,2,2014
,25,MFW,2,2014
,36,MFW,2,2014
,69,MFW,2,2014
,26,MFW,2,2014
,36,MFW,2,2014
,66,MFW,2,2014
,53,MFW,2,2014
,49,MFW,2,2014
,58,MFW,2,2014
,55,MFW,2,2014
,58,MFW,2,2014
,40,MFW,2,2014
,29,MFW,2,2014
,77,MFW,2,2014
,34,MFW,2,2014
,47,MFW,2,2014
,49,MFW,2,2014
,66,MFW,2,2014
,56,MFW,2,2014
,79,MFW,2,2014
,49,MFW,2,2014
,52,MFW,2,2014
,35,MFW,2,2014
,34,MFW,2,2014
,23,MFW,2,2014
,47,MFW,2,2014
,44,MFW,2,2014
,84,MFW,2,2014
,38,MFW,2,2014
,78,MFW,2,2014
,50,MFW,2,2014
,65,MFW,2,2014
,56,MFW,2,2014
,66,MFW,2,2014
,46,MFW,2,2014
,41,MFW,2,2014
,110,MFW,2,2014
,63,MFW,2,2014
,44,MFW,2,2014
,52,MFW,2,2014
,70,MFW,2,2014
,21,MFW,2,2014
,38,MFW,2,2014
,47,MFW,2,2014
,68,MFW,2,2014
,117,MFW,2,2014
,69,MFW,2,2014
,49,MFW,2,2014
,46,MFW,2,2014
,34,MFW,2,2014
,28,MFW,2,2014
,79,MFW,2,2014
,38,MFW,2,2014
,70,MFW,2,2014
,47,MFW,2,2014
,30,MFW,2,2014
,60,MFW,2,2014
,50,MFW,2,2014
,63,MFW,2,2014
,61,MFW,2,2014
,49,MFW,2,2014
,27,MFW,2,2014
,22,MFW,2,2014
,56,MFW,2,2014
,70,MFW,2,2014
,28,MFW,2,2014
,65,MFW,2,2014
,30,MFW,2,2014
,53,MFW,2,2014
,35,MFW,2,2014
,65,MFW,2,2014
,28,MFW,2,2014
,48,MFW,2,2014
,44,MFW,2,2014
,35,MFW,2,2014
,47,MFW,2,2014
,42,MFW,2,2014
,42,MFW,2,2014
,72,MFW,2,2014
,50,MFW,2,2014
,49,MFW,2,2014
,62,MFW,2,2014
,77,MFW,2,2014
,66,MFW,2,2014
,40,MFW,2,2014
,79,MFW,2,2014
,38,MFW,2,2014
,67,MFW,2,2014
,65,MFW,2,2014
,58,MFW,2,2014
,59,MFW,2,2014
,49,MFW,2,2014
,54,MFW,2,2014
,38,MFW,2,2014
,28,MFW,2,2014
,57,MFW,2,2014
,20,MFW,2,2014
,29,MFW,2,2014
,52,MFW,2,2014
,35,MFW,2,2014
,20,MFW,2,2014
,72,MFW,2,2014
,22,MFW,2,2014
,57,MFW,2,2014
,25,MFW,2,2014
,32,MFW,2,2014
,18,MFW,2,2014
,71,MFW,2,2014
,57,MFW,2,2014
,35,MFW,2,2014
,78,MFW,2,2014
,37,MFW,2,2014
,62,MFW,2,2014
,65,MFW,2,2014
,30,MFW,2,2014
,52,MFW,3,2014
,35,MFW,3,2014
,73,MFW,3,2014
,71,MFW,3,2014
,78,MFW,3,2014
,32,MFW,3,2014
,28,MFW,3,2014
,32,MFW,3,2014
,25,MFW,3,2014
,32,MFW,3,2014
,53,MFW,3,2014
,78,MFW,3,2014
,64,MFW,3,2014
,151,MFW,3,2014
,22,MFW,3,2014
,69,MFW,3,2014
,32,MFW,3,2014
,135,MFW,3,2014
,63,MFW,3,2014
,58,MFW,3,2014
,80,MFW,3,2014
,26,MFW,3,2014
,62,MFW,3,2014
,24,MFW,3,2014
,18,MFW,3,2014
,67,MFW,3,2014
,70,MFW,3,2014
,40,MFW,3,2014
,54,MFW,3,2014
,38,MFW,3,2014
,43,MFW,3,2014
,44,MFW,3,2014
,72,MFW,3,2014
,25,MFW,3,2014
,35,MFW,3,2014
,34,MFW,3,2014
,41,MFW,3,2014
,24,MFW,3,2014
,34,MFW,3,2014
,42,MFW,3,2014
,20,MFW,3,2014
,31,MFW,3,2014
,31,MFW,3,2014
,96,MFW,3,2014
,28,MFW,3,2014
,49,MFW,3,2014
,30,MFW,3,2014
,45,MFW,3,2014
,40,MFW,3,2014
,67,MFW,3,2014
,31,MFW,3,2014
,24,MFW,3,2014
,48,MFW,3,2014
,32,MFW,3,2014
,38,MFW,3,2014
,50,MFW,3,2014
,27,MFW,3,2014
,50,MFW,3,2014
,54,MFW,3,2014
,32,MFW,3,2014
,53,MFW,3,2014
,35,MFW,3,2014
,51,MFW,3,2014
,62,MFW,3,2014
,32,MFW,3,2014
,45,MFW,3,2014
,45,MFW,3,2014
,50,MFW,3,2014
,36,MFW,3,2014
,40,MFW,3,2014
,52,MFW,3,2014
,26,MFW,3,2014
,54,MFW,3,2014
,41,MFW,3,2014
,40,MFW,3,2014
,61,MFW,3,2014
,54,MFW,3,2014
,68,MFW,3,2014
,70,MFW,3,2014
,35,MFW,3,2014
,38,MFW,3,2014
,47,MFW,3,2014
,31,MFW,3,2014
,54,MFW,3,2014
,42,MFW,3,2014
,26,MFW,3,2014
,38,MFW,3,2014
,21,MFW,3,2014
,33,MFW,3,2014
,25,MFW,3,2014
,30,MFW,3,2014
,35,MFW,3,2014
,23,MFW,3,2014
,41,MFW,3,2014
,43,MFW,3,2014
,35,MFW,3,2014
,58,MFW,3,2014
,36,MFW,3,2014
,25,MFW,3,2014
,36,MFW,3,2014
,40,MFW,3,2014
,50,MFW,3,2014
,31,MFW,3,2014
,22,MFW,3,2014
,64,MFW,3,2014
,27,MFW,3,2014
,41,MFW,3,2014
,29,MFW,3,2014
,30,MFW,3,2014
,32,MFW,3,2014
,27,MFW,3,2014
,46,MFW,3,2014
,18,MFW,3,2014
,19,MFW,3,2014
,40,MFW,3,2014
,45,MFW,3,2014
,29,MFW,3,2014
,20,MFW,3,2014
,42,MFW,3,2014
,46,MFW,3,2014
,41,MFW,3,2014
,41,MFW,3,2014
,63,MFW,3,2014
,39,MFW,3,2014
,38,MFW,3,2014
,32,MFW,3,2014
,55,MFW,3,2014
,25,MFW,3,2014
,41,MFW,3,2014
,36,MFW,3,2014
,41,MFW,3,2014
,32,MFW,3,2014
,34,MFW,3,2014
,56,MFW,3,2014
,25,MFW,3,2014
,35,MFW,3,2014
,15,MFW,3,2014
,22,MFW,3,2014
,24,MFW,3,2014
,28,MFW,3,2014
,27,MFW,3,2014
,76,MFW,3,2014
,59,MFW,3,2014
,29,MFW,3,2014
,23,MFW,3,2014
,55,MFW,3,2014
,20,MFW,3,2014
,25,MFW,3,2014
,25,MFW,3,2014
,52,MFW,3,2014
,48,MFW,3,2014
,35,MFW,3,2014
,24,MFW,3,2014
,13,MFW,3,2014
,35,MFW,3,2014
,30,MFW,3,2014
,60,MFW,3,2014
,35,MFW,3,2014
,40,KBK3,4,2014
,52,KBK3,4,2014
,45,KBK3,4,2014
,25,KBK3,4,2014
,31,KBK3,4,2014
,28,KBK3,4,2014
,21,KBK3,4,2014
,69,KBK3,4,2014
,20,KBK4,4,2014
,42,KBK4,4,2014
,45,KBK2,4,2014
,26,KBK3,4,2014
,30,KBK3,4,2014
,37,KBK3,4,2014
,46,KBK3,4,2014
,32,KBK3,4,2014
,21,KBK4,4,2014
,43,KBK3,4,2014
,51,KBK3,4,2014
,53,KBK3,4,2014
,37,KBK3,4,2014
,33,KBK3,4,2014
,24,KBK3,4,2014
,31,KBK3,4,2014
,27,KBK3,4,2014
,28,KBK3,4,2014
,23,KBK3,4,2014
,28,KBK3,4,2014
,56,KBK3,4,2014
,33,KBK4,4,2014
,26,KBK3,4,2014
,28,KBK3,4,2014
,23,KBK4,4,2014
,50,KBK3,4,2014
,46,KBK4,4,2014
,28,KBK3,4,2014
,37,KBK4,4,2014
,28,KBK3,4,2014
,30,KBK3,4,2014
,52,KBK3,4,2014
,23,KBK3,4,2014
,32,KBK4,4,2014
,25,KBK3,4,2014
,21,KBK3,4,2014
,29,KBK3,4,2014
,20,KBK3,4,2014
,31,KBK4,4,2014
,28,KBK3,4,2014
,42,KBK3,4,2014
,57,KBK3,4,2014
,40,KBK3,4,2014
,28,KBK4,4,2014
,45,KBK4,4,2014
,48,KBK4,4,2014
,21,KBK3,4,2014
,23,KBK4,4,2014
,40,KBK4,4,2014
,25,KBK4,4,2014
,26,KBK4,4,2014
,20,KBK4,4,2014
,42,KBK3,4,2014
,18,KBK3,4,2014
,49,KBK3,4,2014
,25,KBK4,4,2014
,28,KBK4,4,2014
,19,KBK4,4,2014
,15,KBK4,4,2014
,26,KBK4,4,2014
,31,KBK4,4,2014
,62,KBK4,4,2014
,21,KBK4,4,2014
,35,KBK4,4,2014
,64,KBK4,4,2014
,26,KBK4,4,2014
,46,KBK4,4,2014
,13,KBK4,4,2014
,35,KBK4,4,2014
,20,KBK4,4,2014
,33,KBK3,4,2014
,23,KBK4,4,2014
,21,KBK3,4,2014
,17,KBK4,4,2014
,24,KBK3,4,2014
,38,KBK4,4,2014
,25,KBK4,4,2014
,26,KBK4,4,2014
,59,KBK3,4,2014
,34,KBK4,4,2014
,37,KBK4,4,2014
,41,KBK4,4,2014
,46,KBK4,4,2014
,25,KBK4,4,2014
,33,KBK4,4,2014
,38,KBK4,4,2014
,18,KBK4,4,2014
,40,KBK4,4,2014
,23,KBK4,4,2014
,45,KBK4,4,2014
,19,KBK4,4,2014
,40,KBK4,4,2014
,23,KBK4,4,2014
,19,KBK4,4,2014
,22,KBK2,4,2014
,20,KBK4,4,2014
,36,KBK4,4,2014
,20,KBK4,4,2014
,17,KBK4,4,2014
,28,KBK4,4,2014
,36,KBK2,4,2014
,31,KBK4,4,2014
,24,KBK4,4,2014
,25,KBK4,4,2014
,47,MBL1,5,2016
,42,SRK,5,2016
,33,KBK3,6,2014
,32,KBK3,6,2014
,47,SRK,3,2016
,120,SRK,2,2016
,15,SRK,2,2016
,98,SRK,2,2016
,21,MBL1,2,2016
,78,SRK,2,2016
,40,SRK,3,2016
,62,SRK,3,2016
,36,SRK,2,2016
,33,SRK,3,2016
,46,SRK,2,2016
,30,SRK,2,2016
,36,SRK,3,2016
,41,SRK,8,2014
,30,SRK,9,2015
,41,SRK,3,2016
,42,SRK,2,2016
,76,SRK,8,2014
,38,SRK,8,2014
,53,MBL1,8,2014
,40,SRK,3,2016
,38,SRK,2,2016
,34,MBL1,8,2014
,29,MBL1,8,2014
,28,MBL1,8,2014
,31,MBL1,8,2014
,28,SRK,8,2014
,37,SRK,8,2014
,28,SRK,8,2014
,29,MBL1,8,2014
,36,MBL1,8,2014
,25,SRK,9,2015
,41,MBL1,8,2014
,21,MBL1,8,2014
,45,MBL1,8,2014
,35,SRK,3,2016
,36,MBL1,8,2014
,28,MBL1,8,2014
,48,SRK,2,2016
,30,MBL1,8,2014
,40,MBL1,8,2014
,37,MBL1,8,2014
,58,SRK,8,2014
,30,MBL1,8,2014
,18,SRK,8,2014
,37,MBL1,8,2014
,22,SRK,9,2015
,36,SRK,8,2014
,10,MBL1,8,2014
,33,SRK,8,2014
,25,SRK,5,2016
,24,SRK,8,2014
,22,MBL1,8,2014
,30,SRK,8,2014
,38,SRK,8,2014
,41,SRK,8,2014
,35,SRK,8,2014
,34,MBL1,8,2014
,56,MBL1,8,2014
,53,SRK,3,2016
,29,SRK,3,2016
,30,SRK,8,2014
,18,SRK,8,2014
,30,MBL1,8,2014
,29,SRK,8,2014
,26,MBL1,8,2014
,43,SRK,8,2014
,33,SRK,2,2016
,48,MBL1,8,2014
,20,SRK,8,2014
,33,MBL1,8,2014
,31,SRK,2,2016
,44,MBL1,8,2014
,21,SRK,8,2014
,30,SRK,9,2015
,30,MBL1,8,2014
,33,SRK,8,2014
,27,MBL1,8,2014
,47,SRK,2,2016
,59,MBL1,8,2014
,34,SRK,8,2014
,28,SRK,8,2014
,31,MBL1,8,2014
,25,MBL1,8,2014
,68,SRK,8,2014
,85,SRK,5,2016
,61,MBL1,8,2014
,52,SRK,9,2015
,30,MBL1,8,2014
,36,MBL1,8,2014
,35,SRK,3,2016
,50,SRK,3,2016
,31,MBL1,8,2014
,40,SRK,9,2015
,41,SRK,8,2014
,42,SRK,8,2014
,23,MBL1,8,2014
,13,MBL1,8,2014
,35,MBL1,8,2014
,70,SRK,9,2015
,29,MBL1,8,2014
,26,SRK,3,2016
,42,MBL1,8,2014
,31,MBL1,8,2014
,44,MBL1,8,2014
,33,MBL1,8,2014
,30,MBL1,8,2014
,24,SRK,8,2014
,73,SRK,8,2014
,55,SRK,9,2015
,20,MBL1,8,2014
,49,SRK,9,2015
,52,MBL1,8,2014
,49,SRK,8,2014
,37,MBL1,8,2014
,33,SRK,9,2015
,40,MBL1,8,2014
,40,SRK,2,2016
,34,SRK,8,2014
,45,MBL1,8,2014
,26,SRK,2,2016
,47,MBL1,8,2014
,30,MBL1,8,2014
,84,SRK,9,2015
,67,SRK,8,2014
,42,SRK,8,2014
,25,MBL1,8,2014
,14,MBL1,8,2014
,10,MBL1,8,2014
,20,MBL1,8,2014
,51,MBL1,8,2014
,26,MBL1,8,2014
,43,SRK,8,2014
,93,SRK,9,2015
,70,SRK,9,2015
,53,SRK,2,2016
,40,SRK,8,2014
,32,SRK,8,2014
,32,SRK,8,2014
,24,SRK,8,2014
,37,MBL1,8,2014
,49,SRK,2,2016
,67,SRK,3,2016
,42,SRK,9,2015
,40,MBL1,8,2014
,45,MBL1,8,2014
,46,MBL1,8,2014
,25,MBL1,8,2014
,32,MBL1,8,2014
,53,SRK,8,2014
,28,MBL1,8,2014
,38,MBL1,8,2014
,23,MBL1,8,2014
,25,MBL1,8,2014
,18,MBL1,8,2014
,30,MBL1,8,2014
,35,MBL1,8,2014
,35,SRK,3,2016
,68,SRK,8,2014
,19,MBL1,8,2014
,40,MBL1,5,2016
,15,MBL1,8,2014
,45,MBL1,8,2014
,38,SRK,2,2016
,23,MBL1,8,2014
,32,MBL1,8,2014
,43,SRK,8,2014
,52,MBL1,8,2014
,47,MBL1,8,2014
,43,SRK,8,2014
,48,SRK,8,2014
,20,MBL1,8,2014
,39,MBL1,8,2014
,58,MBL1,8,2014
,32,SRK,2,2016
,40,SRK,8,2014
,38,SRK,8,2014
,28,MBL1,8,2014
,30,SRK,8,2014
,15,MBL1,8,2014
,69,SRK,8,2014
,23,MBL1,8,2014
,42,MBL1,8,2014
,52,MBL1,8,2014
,42,MBL1,8,2014
,53,MBL1,8,2014
,59,MBL1,8,2014
,36,MBL1,8,2014
,17,MBL1,8,2014
,35,SRK,8,2014
,55,MBL1,8,2014
,58,MBL1,8,2014
,35,MBL1,8,2014
,48,SRK,8,2014
,45,SRK,8,2014
,42,MBL1,8,2014
,25,MBL1,8,2014
,34,MBL1,8,2014
,40,SRK,8,2014
,52,SRK,8,2014
,25,MBL1,8,2014
,32,MBL1,8,2014
,33,MBL1,8,2014
,69,SRK,8,2014
,27,SRK,8,2014
,59,SRK,8,2014
,47,MBL1,8,2014
,31,MBL1,8,2014
,40,MBL1,8,2014
,51,SRK,8,2014
,47,SRK,8,2014
,38,SRK,8,2014
,46,MBL1,8,2014
,36,MBL1,8,2014
,54,SRK,8,2014
,21,SRK,8,2014
,36,SRK,2,2016
,20,MBL1,8,2014
,58,MBL1,8,2014
,56,MBL1,8,2014
,49,MBL1,8,2014
,42,MBL1,8,2014
,35,MBL1,8,2014
,62,SRK,8,2014
,30,MBL1,8,2014
,20,MBL1,8,2014
,49,SRK,8,2014
,20,SRK,8,2014
,39,MBL1,8,2014
,27,MBL1,8,2014
,38,SRK,8,2014
,22,MBL1,8,2014
,30,SRK,8,2014
,29,MBL1,3,2016
,20,MBL1,8,2014
,25,SRK,8,2014
,25,SRK,8,2014
,31,SRK,8,2014
,28,MBL1,8,2014
,47,MBL1,8,2014
,35,MBL1,8,2014
,38,MBL1,8,2014
,21,MBL1,8,2014
,30,MBL1,8,2014
,25,SRK,8,2014
,49,SRK,8,2014
,37,SRK,8,2014
,30,MBL1,8,2014
,27,MBL1,8,2014
,39,SRK,8,2014
,38,SRK,8,2014
,21,MBL1,8,2014
,50,MBL1,8,2014
,30,SRK,8,2014
,52,SRK,8,2014
,20,MBL1,8,2014
,21,SRK,8,2014
,50,SRK,8,2014
,34,SRK,8,2014
,58,MBL1,8,2014
,33,MBL1,8,2014
,28,MBL1,8,2014
,39,SRK,8,2014
,23,MBL1,8,2014
,34,SRK,8,2014
,22,MBL1,8,2014
,42,SRK,8,2014
,33,SRK,8,2014
,33,SRK,8,2014
,30,SRK,8,2014
,30,SRK,8,2014
,17,MBL1,8,2014
,35,SRK,8,2014
,24,SRK,8,2014
,25,MBL1,8,2014
,18,MBL1,8,2014
,67,MBL1,8,2014
,31,SRK,8,2014
,32,SRK,8,2014
,43,SRK,8,2014
,33,SRK,8,2014
,37,MBL1,8,2014
,40,SRK,8,2014
,19,MBL1,8,2014
,30,SRK,8,2014
,26,MBL1,8,2014
,28,MBL1,8,2014
,33,MBL1,8,2014
,92,MBL1,8,2014
,42,SRK,8,2014
,50,MBL1,8,2014
,24,MBL1,8,2014
,40,SRK,8,2014
,38,MBL1,8,2014
,30,MBL1,8,2014
,40,SRK,8,2014
,17,MBL1,8,2014
,32,SRK,8,2014
,49,SRK,8,2014
,49,MBL1,8,2014
,30,MBL1,8,2014
,19,MBL1,8,2014
,40,SRK,8,2014
,27,MBL1,8,2014
,34,MBL1,8,2014
,44,SRK,8,2014
,48,SRK,8,2014
,54,MBL1,8,2014
,45,MBL1,8,2014
,22,MBL1,8,2014
,76,MBL1,8,2014
,31,SRK,8,2014
,39,SRK,8,2014
,50,MBL1,8,2014
,35,SRK,8,2014
,21,MBL1,8,2014
,50,SRK,8,2014
,48,MBL1,8,2014
,44,SRK,8,2014
,25,MBL1,8,2014
,30,SRK,8,2014
,40,MBL1,8,2014
,22,MBL1,8,2014
,42,SRK,8,2014
,32,SRK,8,2014
,50,SRK,8,2014
,86,SRK,8,2014
,44,SRK,8,2014
,40,SRK,8,2014
,36,SRK,8,2014
,26,MBL1,8,2014
,28,SRK,8,2014
,52,SRK,8,2014
,21,MBL1,8,2014
,38,SRK,8,2014
,29,MBL1,8,2014
,31,SRK,8,2014
,41,SRK,8,2014
,17,MBL1,8,2014
,45,MBL1,8,2014
,37,MBL1,8,2014
,24,MBL1,8,2014
,48,SRK,8,2014
,23,MBL1,8,2014
,60,MBL1,8,2014
,38,SRK,8,2014
,22,MBL1,9,2014
,45,SRK,9,2014
,34,MBL1,9,2014
,26,MBL1,9,2014
,50,MBL1,9,2014
,36,MBL1,9,2014
,20,MBL1,9,2014
,42,SRK,9,2014
,40,MBL1,9,2014
,43,MBL1,9,2014
,28,SRK,9,2014
,71,MBL1,9,2014
,23,MBL1,9,2014
,34,MBL1,9,2014
,24,MBL1,9,2014
,28,MBL1,9,2014
,35,SRK,9,2014
,35,MBL1,9,2014
,21,MBL1,9,2014
,55,MBL1,9,2014
,26,SRK,9,2014
,55,SRK,9,2014
,40,SRK,9,2014
,40,SRK,9,2014
,81,MBL1,9,2014
,25,MBL1,9,2014
,38,SRK,9,2014
,30,SRK,9,2014
,30,SRK,9,2014
,12,SRK,9,2014
,36,SRK,9,2014
,42,SRK,9,2014
,21,MBL1,9,2014
,30,SRK,9,2014
,38,SRK,9,2014
,20,MBL1,9,2014
,68,MBL1,9,2014
,60,MBL1,9,2014
,50,SRK,2,2016
,21,MBL1,9,2014
,44,MBL1,9,2014
,40,SRK,9,2014
,45,MBL1,9,2014
,43,MBL1,9,2014
,63,SRK,9,2014
,32,MBL1,9,2014
,29,MBL1,9,2014
,23,MBL1,9,2014
,63,SRK,9,2014
,21,SRK,9,2014
,28,MBL1,9,2014
,24,MBL1,9,2014
,32,MBL1,9,2014
,40,MBL1,9,2014
,39,MBL1,9,2014
,21,SRK,9,2014
,32,SRK,9,2014
,45,MBL1,9,2014
,76,SRK,9,2014
,48,SRK,9,2014
,23,MBL1,9,2014
,50,SRK,9,2014
,55,MBL1,9,2014
,90,SRK,9,2014
,47,SRK,9,2014
,67,MBL1,9,2014
,20,SRK,9,2014
,23,MBL1,9,2014
,31,SRK,9,2014
,33,SRK,9,2014
,39,MBL1,9,2014
,50,SRK,9,2014
,32,SRK,9,2014
,39,MBL1,3,2016
,24,SRK,9,2014
,26,MBL1,9,2014
,44,SRK,9,2014
,30,SRK,9,2014
,40,MBL1,9,2014
,25,MBL1,9,2014
,29,SRK,9,2014
,68,SRK,9,2014
,59,MBL1,9,2014
,24,MBL1,9,2014
,20,SRK,9,2014
,32,MBL1,9,2014
,54,MBL1,9,2014
,32,MBL1,9,2014
,67,MBL1,9,2014
,37,MBL1,9,2014
,29,MBL1,9,2014
,55,SRK,9,2014
,79,MBL1,9,2014
,60,MBL1,9,2014
,35,MBL1,9,2014
,28,SRK,9,2014
,45,MBL1,9,2014
,38,SRK,9,2014
,49,MBL1,9,2014
,60,SRK,9,2014
,32,MBL1,9,2014
,65,MBL1,9,2014
,22,MBL1,9,2014
,48,SRK,9,2014
,35,SRK,9,2014
,45,MBL1,9,2014
,27,SRK,9,2014
,29,MBL1,9,2014
,48,SRK,9,2014
,37,MBL1,9,2014
,32,MBL1,9,2014
,26,MBL1,9,2014
,43,SRK,9,2014
,113,SRK,9,2014
,30,SRK,9,2014
,38,SRK,9,2014
,36,SRK,9,2014
,72,MBL1,9,2014
,46,SRK,9,2014
,72,MBL1,9,2014
,51,MBL1,9,2014
,40,SRK,9,2014
,26,MBL1,9,2014
,48,SRK,9,2014
,27,SRK,9,2014
,40,SRK,9,2014
,21,SRK,9,2014
,36,MBL1,9,2014
,46,MBL1,9,2014
,25,SRK,9,2014
,97,MBL1,9,2014
,23,SRK,9,2014
,20,SRK,9,2014
,30,MBL1,9,2014
,48,SRK,9,2014
,51,SRK,9,2014
,57,MBL1,9,2014
,32,SRK,9,2014
,41,MBL1,9,2014
,20,SRK,9,2014
,59,MBL1,9,2014
,60,SRK,9,2014
,35,SRK,9,2014
,37,SRK,9,2014
,26,MBL1,9,2014
,38,MBL1,9,2014
,45,MBL1,9,2014
,35,MBL1,9,2014
,21,SRK,9,2014
,21,MBL1,9,2014
,22,MBL1,9,2014
,32,MBL1,9,2014
,31,SRK,9,2014
,51,MBL1,9,2014
,35,SRK,9,2014
,55,SRK,9,2014
,65,SRK,9,2014
,67,MBL1,9,2014
,38,MBL1,9,2014
,24,MBL1,9,2014
,29,MBL1,9,2014
,40,SRK,9,2014
,36,MBL1,9,2014
,40,SRK,9,2014
,40,MBL1,9,2014
,36,MBL1,9,2014
,35,SRK,9,2014
,27,MBL1,9,2014
,43,SRK,9,2014
,28,SRK,9,2014
,46,MBL1,9,2014
,16,SRK,9,2014
,28,MBL1,9,2014
,36,SRK,9,2014
,29,SRK,9,2014
,36,SRK,9,2014
,40,SRK,9,2014
,34,MBL1,9,2014
,53,MBL1,9,2014
,39,SRK,9,2014
,10,SRK,9,2014
,46,SRK,9,2014
,10,SRK,9,2014
,38,SRK,9,2014
,20,SRK,9,2014
,67,MBL1,9,2014
,32,MBL1,9,2014
,25,MBL1,9,2014
,55,MBL1,9,2014
,26,MBL1,9,2014
,38,MBL1,9,2014
,26,SRK,9,2014
,46,MBL1,9,2014
,35,MBL1,9,2014
,28,MBL1,9,2014
,20,SRK,9,2014
,15,MBL1,9,2014
,25,SRK,9,2014
,45,SRK,9,2014
,54,MBL1,9,2014
,53,MBL1,3,2016
,69,MBL1,9,2014
,30,MBL1,9,2014
,32,SRK,9,2014
,48,SRK,9,2014
,53,SRK,9,2014
,13,MBL1,9,2014
,30,SRK,9,2014
,24,MBL1,9,2014
,27,MBL1,9,2014
,21,MBL1,9,2014
,32,MBL1,9,2014
,48,MBL1,9,2014
,35,SRK,9,2014
,31,SRK,9,2014
,30,SRK,9,2014
,28,MBL1,9,2014
,29,SRK,9,2014
,35,SRK,9,2014
,56,MBL1,9,2014
,23,MBL1,9,2014
,68,SRK,9,2014
,35,MBL1,9,2014
,15,MBL1,9,2014
,14,SRK,9,2014
,24,MBL1,9,2014
,48,SRK,9,2014
,49,MBL1,9,2014
,30,MBL1,9,2014
,34,SRK,9,2014
,60,SRK,9,2014
,27,MBL1,9,2014
,20,MBL1,9,2014
,20,MBL1,9,2014
,38,SRK,9,2014
,35,SRK,9,2014
,21,SRK,9,2014
,26,SRK,9,2014
,24,MBL1,9,2014
,53,MBL1,9,2014
,37,MBL1,9,2014
,48,MBL1,9,2014
,60,MBL1,9,2014
,20,MBL1,5,2016
,22,MBL1,9,2014
,34,MBL1,9,2014
,22,MBL1,9,2014
,23,MBL1,9,2014
,99,MBL1,9,2014
,39,MBL1,9,2014
,55,MBL1,9,2014
,68,MBL1,9,2014
,47,MBL1,9,2014
,33,SRK,9,2014
,17,SRK,9,2014
,32,SRK,9,2014
,41,SRK,9,2014
,65,SRK,9,2014
,66,MBL1,9,2014
,43,MBL1,9,2014
,28,SRK,9,2014
,40,MBL1,9,2014
,62,MBL1,9,2014
,23,MBL1,9,2014
,42,MBL1,5,2016
,29,MBL1,9,2014
,39,SRK,9,2014
,27,MBL1,9,2014
,28,SRK,9,2014
,38,MBL1,9,2014
,16,SRK,9,2015
,55,MBL1,9,2014
,48,MBL1,9,2014
,43,MBL1,9,2014
,30,SRK,9,2014
,32,SRK,9,2014
,29,SRK,9,2014
,36,SRK,9,2014
,35,SRK,9,2014
,30,SRK,9,2014
,25,SRK,9,2014
,58,SRK,9,2014
,51,SRK,9,2014
,23,MBL1,9,2014
,26,SRK,9,2014
,30,MBL1,9,2014
,17,SRK,9,2014
,35,MBL1,9,2014
,32,MBL1,9,2014
,58,MBL1,9,2014
,28,MBL1,9,2014
,39,MBL1,9,2014
,50,SRK,9,2014
,41,MBL1,9,2014
,40,SRK,9,2014
,56,MBL1,9,2014
,42,MBL1,9,2014
,62,MBL1,9,2014
,36,SRK,9,2014
,30,MBL1,9,2014
,34,SRK,9,2014
,42,SRK,9,2014
,18,SRK,9,2014
,28,SRK,9,2014
,55,MBL1,9,2014
,34,MBL1,9,2014
,19,MBL1,9,2014
,19,MBL1,9,2014
,38,SRK,9,2014
,60,MBL1,9,2014
,20,MBL1,9,2014
,33,SRK,9,2014
,39,SRK,9,2014
,38,SRK,9,2014
,38,SRK,9,2014
,40,SRK,9,2014
,30,MBL1,9,2014
,30,MBL1,9,2014
,15,SRK,9,2014
,51,MBL1,9,2014
,53,MBL1,9,2014
,34,MBL1,9,2014
,22,MBL1,9,2014
,35,SRK,9,2014
,41,SRK,9,2014
,34,SRK,9,2014
,16,MBL1,9,2014
,19,MBL1,9,2014
,23,MBL1,9,2014
,17,MBL1,9,2014
,25,MBL1,9,2014
,25,SRK,9,2014
,49,MBL1,9,2014
,40,MBL1,9,2014
,19,MBL1,9,2014
,47,SRK,9,2014
,12,MBL1,9,2014
,40,SRK,9,2014
,27,SRK,9,2014
,59,MBL1,9,2014
,34,SRK,9,2014
,21,SRK,9,2014
,25,SRK,9,2014
,37,SRK,9,2014
,26,SRK,9,2014
,40,SRK,9,2014
,30,SRK,9,2014
,18,SRK,9,2014
,67,MBL1,9,2014
,24,MBL1,9,2014
,39,MBL1,9,2014
,52,MBL1,9,2014
,15,MBL1,9,2014
,51,SRK,9,2014
,27,MBL1,9,2014
,16,SRK,9,2014
,20,MBL1,9,2014
,48,MBL1,9,2014
,20,MBL1,9,2014
,30,SRK,9,2014
,22,MBL1,9,2014
,35,MBL1,9,2014
,68,MBL1,9,2014
,19,MBL1,9,2014
,45,SRK,9,2014
,20,MBL1,9,2014
,30,SRK,9,2014
,28,MBL1,9,2014
,39,MBL1,9,2014
,29,SRK,9,2014
,28,SRK,9,2014
,38,MBL1,9,2014
,20,SRK,9,2014
,35,MBL1,9,2014
,52,SRK,9,2014
,16,SRK,9,2014
,56,MBL1,9,2014
,53,MBL1,9,2014
,19,MBL1,9,2014
,43,MBL1,9,2014
,24,MBL1,9,2014
,34,SRK,9,2014
,42,SRK,9,2014
,32,SRK,9,2014
,43,MBL1,9,2014
,41,MBL1,9,2014
,38,MBL1,9,2014
,58,SRK,9,2014
,73,SRK,9,2014
,20,MBL1,9,2014
,35,MBL1,9,2014
,27,MBL1,9,2014
,24,SRK,9,2014
,34,MBL1,9,2014
,15,SRK,9,2014
,19,MBL1,9,2014
,29,MBL1,9,2014
,34,MBL1,3,2016
,32,MBL1,9,2014
,76,MBL1,9,2014
,58,SRK,9,2014
,28,SRK,9,2014
,40,MBL1,9,2014
,41,SRK,9,2014
,34,MBL1,9,2014
,38,MBL1,9,2014
,44,MBL1,9,2014
,35,MBL1,9,2014
,72,SRK,9,2014
,62,MBL1,9,2014
,38,SRK,9,2014
,27,SRK,9,2014
,25,SRK,9,2014
,39,SRK,9,2014
,60,SRK,9,2014
,32,SRK,9,2014
,29,SRK,9,2014
,34,SRK,9,2014
,57,SRK,9,2014
,30,SRK,9,2014
,25,MBL1,9,2014
,39,SRK,9,2014
,35,MBL1,9,2014
,55,SRK,9,2014
,20,MBL1,9,2014
,28,SRK,9,2014
,21,MBL1,9,2014
,37,MBL1,9,2014
,40,MBL1,9,2014
,43,MBL1,9,2014
,43,MBL1,9,2014
,122,MBL1,9,2014
,38,SRK,9,2014
,45,MBL1,9,2014
,45,SRK,9,2014
,38,MBL1,9,2014
,26,SRK,9,2014
,50,MBL1,9,2014
,33,MBL1,9,2014
,14,MBL1,9,2014
,35,SRK,9,2014
,58,MBL1,9,2014
,22,SRK,9,2014
,19,SRK,9,2014
,86,SRK,2,2016
,15,MBL1,9,2014
,22,MBL1,9,2014
,30,SRK,9,2014
,29,MBL1,9,2014
,35,MBL1,9,2014
,22,MBL1,9,2014
,27,MBL1,9,2014
,30,MBL1,9,2014
,40,SRK,9,2014
,33,SRK,9,2014
,44,SRK,9,2014
,30,MBL1,9,2014
,25,MBL1,9,2014
,39,SRK,9,2014
,35,MBL1,9,2014
,37,MBL1,9,2014
,48,SRK,9,2014
,69,SRK,9,2014
,27,MBL1,9,2014
,42,MBL1,9,2014
,60,SRK,9,2014
,25,SRK,9,2014
,35,SRK,9,2014
,22,SRK,9,2014
,25,MBL1,9,2014
,23,MBL1,9,2014
,34,MBL1,9,2014
,38,MBL1,9,2014
,110,SRK,9,2014
,28,MBL1,9,2014
,30,SRK,9,2015
,40,SRK,9,2014
,13,SRK,9,2014
,44,MBL1,9,2014
,29,MBL1,9,2014
,33,SRK,9,2014
,36,SRK,9,2014
,28,SRK,9,2014
,50,MBL1,9,2014
,20,SRK,9,2014
,52,MBL1,9,2014
,15,MBL1,9,2014
,30,MBL1,9,2014
,23,MBL1,9,2014
,27,MBL1,9,2014
,44,MBL1,9,2014
,60,MBL1,9,2014
,38,SRK,9,2014
,40,MBL1,9,2014
,33,SRK,9,2014
,22,MBL1,9,2014
,31,SRK,9,2014
,35,SRK,9,2014
,41,SRK,9,2014
,18,MBL1,9,2014
,42,MBL1,9,2014
,31,MBL1,9,2014
,44,MBL1,9,2014
,21,SRK,9,2014
,60,MBL1,9,2014
,15,SRK,9,2014
,21,MBL1,9,2014
,16,SRK,9,2014
,42,MBL1,9,2014
,28,SRK,9,2014
,28,MBL1,9,2014
,38,SRK,9,2014
,42,SRK,9,2014
,15,SRK,9,2014
,20,MBL1,9,2014
,43,SRK,9,2014
,32,SRK,9,2014
,32,MBL1,9,2014
,16,SRK,9,2014
,36,SRK,9,2014
,66,SRK,9,2014
,31,MBL1,9,2014
,15,SRK,9,2014
,29,MBL1,9,2014
,21,MBL1,9,2014
,30,SRK,9,2014
,21,MBL1,9,2014
,35,SRK,9,2014
,45,MBL1,9,2014
,30,MBL1,9,2014
,349,MBL1,9,2014
,23,MBL1,9,2014
,45,MBL1,9,2014
,20,SRK,9,2014
,12,SRK,9,2014
,18,MBL1,9,2014
,36,SRK,9,2014
,40,MBL1,9,2014
,25,MBL1,9,2014
,50,SRK,9,2014
,15,SRK,9,2014
,52,SRK,9,2014
,40,MBL1,9,2014
,61,SRK,9,2014
,23,MBL1,9,2014
,37,SRK,9,2014
,39,SRK,9,2014
,15,MBL1,9,2014
,31,MBL1,9,2014
,25,SRK,9,2014
,16,MBL1,9,2014
,25,MBL1,9,2014
,55,SRK,9,2014
,50,SRK,9,2014
,17,SRK,9,2014
,16,MBL1,9,2014
,40,MBL1,9,2014
,32,SRK,9,2014
,53,SRK,9,2014
,17,MBL1,9,2014
,34,MBL1,9,2014
,26,MBL1,9,2014
,46,SRK,9,2014
,38,SRK,9,2014
,29,MBL1,9,2014
,33,MBL1,9,2014
,29,SRK,9,2014
,27,MBL1,9,2014
,47,MBL1,9,2014
,59,MBL1,9,2014
,30,SRK,9,2014
,25,MBL1,9,2014
,21,SRK,9,2014
,49,MBL1,9,2014
,34,MBL1,9,2014
,28,SRK,9,2014
,37,SRK,9,2014
,51,SRK,9,2014
,24,SRK,9,2014
,27,SRK,9,2014
,43,MBL1,9,2014
,39,SRK,9,2014
,35,MBL1,9,2014
,22,MBL1,9,2014
,32,SRK,9,2014
,44,SRK,9,2014
,18,SRK,9,2014
,37,SRK,9,2014
,36,SRK,9,2014
,14,SRK,9,2014
,38,MBL1,9,2014
,25,MBL1,9,2014
,21,SRK,9,2014
,25,MBL1,9,2014
,31,MBL1,9,2014
,38,SRK,9,2014
,30,MBL1,9,2014
,47,SRK,9,2014
,47,MBL1,9,2014
,33,MBL1,9,2014
,30,MBL1,9,2014
,112,SRK,9,2014
,61,MBL1,9,2014
,22,SRK,9,2014
,66,MBL1,9,2014
,31,MBL1,9,2014
,36,SRK,9,2014
,28,SRK,9,2014
,39,SRK,9,2014
,27,MBL1,9,2014
,150,MBL1,9,2014
,32,MBL1,9,2014
,48,SRK,9,2014
,35,MBL1,9,2014
,38,SRK,9,2014
,54,SRK,9,2014
,62,SRK,9,2014
,22,MBL1,9,2014
,22,MBL1,9,2014
,47,MBL1,9,2014
,25,MBL1,9,2014
,44,SRK,9,2014
,37,SRK,9,2014
,27,SRK,11,2014
,38,SRK,9,2014
,28,SRK,9,2014
,46,SRK,9,2014
,16,SRK,9,2014
,12,MBL1,9,2014
,30,MBL1,9,2014
,20,MBL1,9,2014
,60,MBL1,9,2014
,28,SRK,9,2014
,16,SRK,9,2014
,47,SRK,9,2014
,38,SRK,9,2014
,24,MBL1,9,2014
,38,SRK,9,2014
,50,MBL1,9,2014
,25,MBL1,9,2014
,18,MBL1,9,2014
,20,SRK,9,2014
,42,MBL1,9,2014
,20,SRK,9,2014
,49,MBL1,9,2014
,27,SRK,9,2014
,20,SRK,9,2014
,31,SRK,9,2014
,17,MBL1,9,2014
,33,MBL1,9,2014
,29,MBL1,9,2014
,38,SRK,9,2014
,33,SRK,9,2014
,80,SRK,9,2014
,25,MBL1,9,2014
,37,SRK,9,2014
,23,SRK,9,2014
,18,SRK,9,2014
,25,SRK,9,2014
,51,SRK,2,2016
,17,MBL1,9,2014
,15,MBL1,9,2014
,60,SRK,9,2014
,40,MBL1,9,2014
,23,MBL1,9,2014
,40,MBL1,9,2014
,41,MBL1,9,2014
,19,MBL1,9,2014
,43,SRK,9,2014
,50,SRK,9,2014
,32,SRK,9,2014
,31,MBL1,9,2014
,49,MBL1,9,2014
,29,SRK,9,2014
,29,MBL1,9,2014
,27,MBL1,9,2014
,38,SRK,9,2014
,22,MBL1,9,2014
,14,MBL1,9,2014
,35,SRK,9,2014
,15,MBL1,9,2014
,31,MBL1,9,2014
,60,MBL1,9,2014
,28,SRK,9,2014
,25,SRK,9,2014
,47,MBL1,9,2014
,48,MBL1,9,2014
,20,SRK,9,2014
,52,SRK,9,2014
,21,MBL1,9,2014
,12,SRK,9,2014
,22,SRK,9,2014
,32,MBL1,9,2014
,30,SRK,9,2014
,15,SRK,9,2014
,18,SRK,9,2014
,51,MBL1,9,2014
,61,MBL1,9,2014
,19,SRK,9,2014
,67,MBL1,9,2014
,31,MBL1,9,2014
,38,SRK,9,2014
,17,SRK,9,2014
,31,MBL1,9,2014
,20,MBL1,9,2014
,19,SRK,9,2014
,20,SRK,9,2014
,45,MBL1,9,2014
,23,MBL1,9,2014
,25,SRK,9,2014
,60,MBL1,9,2014
,19,SRK,9,2014
,24,MBL1,9,2014
,38,SRK,9,2014
,67,MBL1,9,2014
,57,MBL1,9,2014
,12,MBL1,9,2014
,25,MBL1,9,2014
,30,MBL1,9,2014
,39,SRK,9,2014
,20,SRK,9,2014
,33,SRK,9,2014
,31,MBL1,9,2014
,38,SRK,9,2014
,20,MBL1,9,2014
,38,MBL1,9,2014
,400,SRK,9,2014
,100,MBL1,9,2014
,32,MBL1,9,2014
,15,MBL1,9,2014
,35,SRK,9,2014
,69,SRK,9,2014
,31,MBL1,9,2014
,68,SRK,9,2014
,56,MBL1,9,2014
,70,SRK,9,2014
,29,MBL1,9,2014
,34,SRK,9,2014
,25,SRK,9,2014
,42,MBL1,9,2014
,25,SRK,9,2014
,42,MBL1,9,2014
,30,MBL1,9,2014
,29,SRK,9,2014
,52,MBL1,9,2014
,33,MBL1,9,2014
,17,MBL1,9,2014
,42,SRK,3,2016
,23,SRK,9,2014
,22,MBL1,8,2014
,48,MBL1,9,2014
,21,SRK,9,2014
,39,SRK,9,2014
,20,MBL1,9,2014
,41,SRK,9,2014
,40,MBL1,9,2014
,84,SRK,9,2014
,56,SRK,9,2014
,58,SRK,9,2014
,59,SRK,9,2014
,55,MBL1,9,2014
,34,MBL1,9,2014
,45,MBL1,9,2014
,48,SRK,9,2014
,70,SRK,9,2014
,27,SRK,9,2014
,19,MBL1,9,2014
,34,MBL1,9,2014
,51,MBL1,9,2014
,56,SRK,9,2014
,33,SRK,9,2014
,30,SRK,9,2014
,27,SRK,9,2014
,33,MBL1,9,2014
,41,SRK,9,2014
,27,MBL1,9,2014
,30,MBL1,9,2014
,31,MBL1,9,2014
,30,MBL1,9,2014
,23,SRK,9,2014
,30,MBL1,9,2014
,59,SRK,9,2014
,16,MBL1,9,2014
,27,MBL1,9,2014
,29,MBL1,9,2014
,40,MBL1,9,2014
,37,SRK,9,2014
,60,SRK,9,2014
,83,MBL1,9,2014
,21,SRK,9,2014
,30,SRK,9,2014
,22,MBL1,9,2014
,16,MBL1,9,2014
,60,SRK,9,2014
,46,MBL1,9,2014
,38,SRK,9,2014
,68,MBL1,9,2014
,20,SRK,9,2014
,42,SRK,9,2014
,20,MBL1,9,2014
,20,MBL1,9,2014
,36,MBL1,9,2014
,45,SRK,9,2014
,46,SRK,9,2014
,45,SRK,9,2014
,17,MBL1,9,2014
,35,SRK,9,2014
,29,MBL1,9,2014
,42,SRK,9,2014
,26,MBL1,9,2014
,49,SRK,9,2014
,30,SRK,9,2014
,39,SRK,9,2014
,56,MBL1,9,2014
,72,SRK,9,2014
,58,MBL1,9,2014
,19,SRK,9,2014
,23,MBL1,9,2014
,36,SRK,9,2014
,45,MBL1,9,2014
,29,SRK,9,2014
,20,SRK,9,2014
,29,MBL1,9,2014
,23,SRK,9,2014
,21,SRK,9,2014
,35,MBL1,9,2014
,41,SRK,9,2014
,31,MBL1,9,2014
,32,SRK,9,2014
,15,MBL1,9,2014
,22,MBL1,9,2014
,40,SRK,9,2014
,16,SRK,9,2014
,17,MBL1,9,2014
,21,MBL1,9,2014
,33,SRK,9,2014
,25,MBL1,9,2014
,28,MBL1,9,2014
,36,SRK,9,2014
,50,MBL1,9,2014
,60,MBL1,8,2014
,24,SRK,9,2014
,22,SRK,9,2014
,50,SRK,9,2014
,43,MBL1,9,2014
,40,MBL1,9,2014
,55,SRK,9,2014
,24,MBL1,9,2014
,60,MBL1,9,2014
,31,MBL1,9,2014
,40,SRK,9,2014
,23,SRK,9,2014
,28,SRK,9,2014
,40,SRK,9,2014
,33,SRK,9,2014
,38,SRK,9,2014
,42,MBL1,5,2016
,20,MBL1,9,2014
,42,MBL1,9,2014
,35,SRK,9,2014
,23,SRK,9,2014
,34,SRK,9,2014
,15,SRK,9,2014
,28,MBL1,9,2014
,16,MBL1,9,2014
,40,MBL1,9,2014
,20,SRK,9,2014
,30,MBL1,9,2014
,33,MBL1,9,2014
,16,MBL1,9,2014
,24,MBL1,9,2014
,19,MBL1,9,2014
,52,SRK,9,2014
,45,SRK,9,2014
,58,SRK,9,2014
,33,SRK,9,2014
,35,SRK,9,2014
,16,MBL1,9,2014
,23,SRK,9,2014
,27,MBL1,9,2014
,40,MBL1,9,2014
,34,MBL1,9,2014
,48,SRK,9,2014
,55,SRK,9,2014
,22,MBL1,9,2014
,41,MBL1,9,2014
,41,SRK,9,2014
,38,MBL1,9,2014
,23,MBL1,9,2014
,30,SRK,9,2014
,32,SRK,9,2014
,40,MBL1,9,2014
,20,SRK,9,2014
,77,MBL1,9,2014
,30,SRK,9,2014
,26,MBL1,9,2014
,90,MBL1,9,2014
,36,MBL1,9,2014
,34,SRK,9,2014
,99,MBL1,10,2014
,30,SRK,9,2014
,12,MBL1,9,2014
,39,MBL1,9,2014
,29,SRK,9,2014
,30,SRK,9,2014
,24,SRK,9,2014
,76,SRK,9,2014
,30,SRK,9,2014
,28,MBL1,9,2014
,38,MBL1,9,2014
,50,SRK,9,2014
,15,MBL1,9,2014
,35,MBL1,9,2014
,44,MBL1,9,2014
,18,MBL1,9,2014
,23,MBL1,9,2014
,49,MBL1,9,2014
,43,MBL1,9,2014
,32,SRK,9,2014
,66,SRK,9,2014
,48,SRK,9,2014
,40,SRK,9,2014
,19,SRK,9,2014
,32,SRK,9,2014
,35,SRK,9,2014
,45,SRK,9,2014
,40,MBL1,9,2014
,15,MBL1,9,2014
,45,SRK,9,2014
,34,MBL1,9,2014
,22,MBL1,9,2014
,20,SRK,9,2014
,28,SRK,9,2014
,25,SRK,9,2014
,25,SRK,9,2014
,36,MBL1,9,2014
,22,SRK,9,2014
,19,MBL1,9,2014
,50,SRK,9,2014
,37,SRK,9,2015
,26,MBL1,9,2014
,29,SRK,9,2014
,50,MBL1,9,2014
,45,MBL1,9,2014
,32,MBL1,9,2014
,38,SRK,9,2014
,22,MBL1,9,2014
,19,SRK,9,2014
,38,SRK,9,2014
,42,MBL1,9,2014
,22,MBL1,9,2014
,70,SRK,9,2014
,40,SRK,9,2014
,33,SRK,9,2014
,17,MBL1,9,2014
,23,MBL1,9,2014
,86,SRK,9,2014
,45,MBL1,9,2014
,31,MBL1,9,2014
,27,MBL1,9,2014
,18,SRK,9,2014
,39,MBL1,9,2014
,25,MBL1,9,2014
,30,SRK,10,2014
,38,SRK,9,2014
,29,SRK,9,2014
,27,SRK,9,2014
,23,MBL1,9,2014
,30,SRK,9,2014
,45,MBL1,9,2014
,15,SRK,9,2014
,90,MBL1,9,2014
,43,MBL1,5,2016
,23,SRK,9,2014
,27,SRK,2,2016
,39,SRK,9,2014
,36,SRK,9,2014
,22,MBL1,9,2014
,45,MBL1,9,2014
,16,MBL1,9,2014
,32,MBL1,10,2014
,51,SRK,10,2014
,25,SRK,10,2014
,24,SRK,10,2014
,20,SRK,10,2014
,16,SRK,10,2014
,24,SRK,10,2014
,34,SRK,10,2014
,19,SRK,10,2014
,18,SRK,10,2014
,45,SRK,10,2014
,18,SRK,10,2014
,35,SRK,9,2015
,38,SRK,10,2014
,49,SRK,9,2015
,24,SRK,3,2016
,36,SRK,10,2014
,42,SRK,10,2014
,24,SRK,9,2015
,32,SRK,10,2014
,16,MBL1,10,2014
,31,SRK,10,2014
,28,MBL1,10,2014
,24,SRK,10,2014
,60,SRK,9,2015
,25,SRK,10,2014
,37,MBL1,10,2014
,30,SRK,10,2014
,34,MBL1,10,2014
,36,SRK,10,2014
,29,MBL1,10,2014
,52,SRK,10,2014
,64,SRK,10,2014
,30,MBL1,10,2014
,11,MBL1,10,2014
,36,SRK,10,2014
,20,SRK,9,2015
,40,SRK,9,2015
,23,MBL1,10,2014
,47,MBL1,10,2014
,36,MBL1,10,2014
,20,MBL1,10,2014
,34,MBL1,10,2014
,34,MBL1,10,2014
,32,MBL1,10,2014
,19,MBL1,10,2014
,28,SRK,10,2014
,38,MBL1,10,2014
,51,MBL1,10,2014
,69,SRK,10,2014
,19,SRK,10,2014
,41,SRK,10,2014
,26,MBL1,10,2014
,30,SRK,10,2014
,19,MBL1,10,2014
,42,SRK,10,2014
,18,MBL1,10,2014
,25,SRK,10,2014
,19,SRK,10,2014
,30,SRK,5,2016
,35,SRK,10,2014
,60,MBL1,10,2014
,38,SRK,10,2014
,23,MBL1,10,2014
,40,MBL1,10,2014
,45,MBL1,10,2014
,15,SRK,10,2014
,46,SRK,10,2014
,13,MBL1,10,2014
,25,MBL1,10,2014
,16,MBL1,10,2014
,50,MBL1,10,2014
,45,MBL1,10,2014
,50,MBL1,10,2014
,46,MBL1,10,2014
,14,MBL1,10,2014
,38,MBL1,10,2014
,25,MBL1,10,2014
,38,MBL1,10,2014
,25,MBL1,10,2014
,45,SRK,10,2014
,18,SRK,10,2014
,15,SRK,5,2016
,36,MBL1,10,2014
,48,MBL1,10,2014
,41,MBL1,10,2014
,41,MBL1,10,2014
,20,MBL1,10,2014
,25,SRK,10,2014
,20,SRK,10,2014
,52,MBL1,10,2014
,42,MBL1,10,2014
,44,SRK,10,2014
,18,MBL1,10,2014
,25,SRK,10,2014
,45,SRK,10,2014
,30,MBL1,10,2014
,20,SRK,10,2014
,16,SRK,10,2014
,30,MBL1,10,2014
,27,MBL1,10,2014
,39,SRK,11,2014
,22,SRK,10,2014
,38,SRK,9,2015
,23,SRK,10,2014
,24,MBL1,10,2014
,31,MBL1,10,2014
,44,MBL1,10,2014
,31,MBL1,10,2014
,34,MBL1,10,2014
,12,MBL1,10,2014
,14,SRK,10,2014
,18,MBL1,10,2014
,20,SRK,10,2014
,43,SRK,9,2015
,21,SRK,10,2014
,24,MBL1,10,2014
,22,SRK,10,2014
,56,MBL1,10,2014
,34,SRK,10,2014
,18,MBL1,10,2014
,45,MBL1,10,2014
,38,SRK,9,2015
,32,MBL1,10,2014
,35,SRK,9,2015
,21,SRK,10,2014
,32,SRK,10,2014
,33,MBL1,10,2014
,55,MBL1,10,2014
,37,MBL1,10,2014
,36,MBL1,10,2014
,80,MBL1,10,2014
,49,MBL1,10,2014
,20,SRK,10,2014
,30,SRK,10,2014
,57,MBL1,10,2014
,23,MBL1,10,2014
,32,SRK,10,2014
,22,SRK,10,2014
,41,MBL1,10,2014
,39,MBL1,10,2014
,42,SRK,10,2014
,32,SRK,9,2015
,24,MBL1,10,2014
,57,MBL1,5,2016
,44,MBL1,10,2014
,15,MBL1,10,2014
,59,MBL1,10,2014
,35,MBL1,10,2014
,31,MBL1,10,2014
,14,MBL1,10,2014
,29,SRK,10,2014
,20,SRK,9,2015
,31,MBL1,10,2014
,33,MBL1,5,2016
,29,MBL1,10,2014
,24,SRK,10,2014
,28,MBL1,10,2014
,20,MBL1,10,2014
,19,MBL1,10,2014
,24,MBL1,10,2014
,38,MBL1,10,2014
,23,MBL1,10,2014
,36,MBL1,10,2014
,30,MBL1,10,2014
,14,MBL1,10,2014
,8,MBL1,10,2014
,32,MBL1,10,2014
,28,MBL1,10,2014
,34,MBL1,10,2014
,30,MBL1,10,2014
,38,MBL1,2,2016
,35,MBL1,10,2014
,31,MBL1,10,2014
,27,MBL1,10,2014
,14,MBL1,10,2014
,33,MBL1,10,2014
,25,MBL1,10,2014
,18,MBL1,10,2014
,35,MBL1,10,2014
,18,MBL1,10,2014
,29,MBL1,10,2014
,30,MBL1,10,2014
,25,MBL1,10,2014
,38,MBL1,10,2014
,31,MBL1,10,2014
,24,MBL1,10,2014
,36,MBL1,10,2014
,43,MBL1,10,2014
,25,MBL1,10,2014
,33,MBL1,10,2014
,31,MBL1,10,2014
,69,MBL1,10,2014
,40,MBL1,10,2014
,58,MBL1,10,2014
,33,MBL1,10,2014
,32,MBL1,10,2014
,31,MBL1,10,2014
,36,MBL1,10,2014
,54,MBL1,10,2014
,52,MBL1,5,2016
,67,MBL1,10,2014
,46,MBL1,10,2014
,70,MBL1,10,2014
,20,MBL1,10,2014
,39,MBL1,10,2014
,28,MBL1,2,2016
,30,MBL1,10,2014
,39,MBL1,10,2014
,85,MBL1,10,2014
,22,MBL1,10,2014
,20,MBL1,10,2014
,18,MBL1,10,2014
,52,MBL1,10,2014
,30,MBL1,10,2014
,40,MBL1,10,2014
,30,SRK,10,2014
,36,MBL1,10,2014
,21,MBL1,10,2015
,44,SRK,10,2014
,19,MBL1,1,2012
,26,MBL1,10,2014
,26,MBL1,10,2014
,46,MBL1,10,2014
,29,MBL1,10,2014
,22,MBL1,10,2014
,48,MBL1,10,2014
,12,MBL1,10,2014
,21,MBL1,2,2016
,23,MBL1,10,2014
,12,MBL1,10,2014
,17,MBL1,10,2014
,26,SRK,10,2014
,25,MBL1,10,2014
,35,MBL1,10,2014
,18,MBL1,10,2014
,35,MBL1,10,2014
,19,MBL1,10,2014
,22,MBL1,10,2014
,31,MBL1,10,2014
,20,MBL1,10,2014
,42,MBL1,10,2014
,21,MBL1,10,2014
,12,MBL1,5,2016
,21,MBL1,10,2014
,25,MBL1,10,2014
,21,SRK,10,2014
,17,MBL1,10,2014
,75,MBL1,10,2014
,30,SRK,10,2014
,18,MBL1,11,2014
,24,MBL1,11,2014
,36,MBL1,11,2014
,17,MBL1,11,2014
,43,MBL1,11,2014
,24,MBL1,11,2014
,33,SRK,9,2014
,48,MBL1,10,2014
,38,BTJ,12,2014
,29,BTJ,12,2014
,62,BTJ,12,2014
,30,BTJ,12,2014
,39,BTJ,12,2014
,73,BTJ,12,2014
,49,BTJ,12,2014
,27,NTB,12,2014
,34,NTB,12,2014
,66,NTB,12,2014
,41,NTB,12,2014
,45,NTB,12,2014
,65,BTJ,12,2014
,21,NTB,12,2014
,55,NTB,12,2014
,41,BTJ,12,2014
,30,BTJ,12,2014
,39,NTB,12,2014
,40,BTJ,12,2014
,46,BTJ,12,2014
,59,BTJ,12,2014
,52,NTB,12,2014
,32,BTJ,12,2014
,64,NTB,12,2014
,85,BTJ,12,2014
,31,BTJ,12,2014
,38,NTB,12,2014
,33,BTJ,12,2014
,33,NTB,12,2014
,26,BTJ,12,2014
,45,BTJ,12,2014
,64,NTB,12,2014
,51,NTB,12,2014
,31,BTJ,12,2014
,43,NTB,12,2014
,68,BTJ,12,2014
,72,BTJ,12,2014
,42,NTB,12,2014
,28,BTJ,12,2014
,46,NTB,12,2014
,24,BTJ,12,2014
,26,BTJ,12,2014
,52,NTB,12,2014
,39,NTB,12,2014
,40,NTB,12,2014
,80,BTJ,12,2014
,33,BTJ,12,2014
,47,NTB,12,2014
,68,NTB,12,2014
,27,BTJ,12,2014
,42,BTJ,12,2014
,26,BTJ,12,2014
,44,NTB,12,2014
,42,NTB,12,2014
,40,BTJ,12,2014
,50,BTJ,12,2014
,45,NTB,12,2014
,49,BTJ,12,2014
,42,NTB,12,2014
,31,NTB,12,2014
,41,BTJ,12,2014
,39,BTJ,12,2014
,34,BTJ,12,2014
,25,BTJ,12,2014
,48,NTB,12,2014
,34,BTJ,12,2014
,45,NTB,12,2014
,73,NTB,12,2014
,18,BTJ,12,2014
,43,NTB,12,2014
,41,BTJ,12,2014
,54,NTB,12,2014
,28,BTJ,12,2014
,34,BTJ,12,2014
,34,BTJ,12,2014
,72,BTJ,12,2014
,53,NTB,12,2014
,52,NTB,12,2014
,47,BTJ,12,2014
,35,NTB,12,2014
,34,BTJ,12,2014
,53,BTJ,12,2014
,33,NTB,12,2014
,57,BTJ,12,2014
,56,NTB,12,2014
,73,BTJ,12,2014
,37,NTB,12,2014
,55,BTJ,12,2014
,48,NTB,12,2014
,28,NTB,12,2014
,49,BTJ,12,2014
,29,BTJ,12,2014
,28,BTJ,12,2014
,34,BTJ,12,2014
,72,BTJ,12,2014
,40,BTJ,12,2014
,41,NTB,12,2014
,43,BTJ,12,2014
,30,NTB,12,2014
,29,BTJ,12,2014
,40,NTB,12,2014
,48,NTB,12,2014
,48,NTB,12,2014
,51,BTJ,2,2015
,45,BTJ,12,2014
,47,BTJ,12,2014
,17,BTJ,12,2014
,50,NTB,12,2014
,40,BTJ,12,2014
,42,BTJ,12,2014
,45,NTB,12,2014
,72,NTB,12,2014
,38,NTB,12,2014
,27,NTB,12,2014
,39,BTJ,12,2014
,50,BTJ,12,2014
,52,BTJ,12,2014
,65,NTB,12,2014
,66,NTB,12,2014
,42,BTJ,12,2014
,60,NTB,12,2014
,34,BTJ,12,2014
,43,BTJ,12,2014
,49,NTB,12,2014
,29,NTB,12,2014
,54,NTB,12,2014
,34,BTJ,12,2014
,29,BTJ,12,2014
,48,BTJ,12,2014
,53,NTB,12,2014
,47,BTJ,12,2014
,25,BTJ,12,2014
,53,BTJ,12,2014
,45,BTJ,12,2014
,44,NTB,12,2014
,32,NTB,12,2014
,74,BTJ,12,2014
,23,NTB,12,2014
,33,BTJ,12,2014
,35,BTJ,12,2014
,38,BTJ,12,2014
,45,NTB,12,2014
,49,BTJ,12,2014
,60,NTB,12,2014
,58,NTB,12,2014
,42,BTJ,12,2014
,60,BTJ,12,2014
,48,NTB,12,2014
,55,BTJ,12,2014
,42,NTB,12,2014
,26,NTB,12,2014
,42,BTJ,12,2014
,31,NTB,12,2014
,42,BTJ,12,2014
,68,NTB,12,2014
,26,BTJ,12,2014
,60,BTJ,12,2014
,43,NTB,12,2014
,45,BTJ,12,2014
,59,BTJ,12,2014
,32,BTJ,12,2014
,35,BTJ,12,2014
,26,NTB,12,2014
,34,BTJ,12,2014
,34,BTJ,12,2014
,30,BTJ,2,2015
,34,BTJ,12,2014
,32,NTB,12,2014
,40,BTJ,12,2014
,80,NTB,12,2014
,56,NTB,12,2014
,34,NTB,12,2014
,24,NTB,12,2014
,42,BTJ,12,2014
,44,BTJ,12,2014
,27,NTB,12,2014
,64,NTB,12,2014
,34,NTB,12,2014
,68,NTB,12,2014
,53,NTB,12,2014
,27,BTJ,12,2014
,70,BTJ,12,2014
,56,NTB,12,2014
,36,BTJ,12,2014
,29,BTJ,12,2014
,20,BTJ,2,2015
,61,BTJ,12,2014
,59,NTB,12,2014
,34,BTJ,12,2014
,46,NTB,12,2014
,40,NTB,12,2014
,18,BTJ,12,2014
,45,BTJ,12,2014
,63,NTB,12,2014
,20,BTJ,12,2014
,44,BTJ,12,2014
,34,NTB,12,2014
,39,NTB,12,2014
,43,BTJ,12,2014
,41,BTJ,12,2014
,55,BTJ,12,2014
,24,NTB,12,2014
,46,BTJ,12,2014
,32,BTJ,12,2014
,25,BTJ,12,2014
,34,BTJ,12,2014
,35,NTB,12,2014
,38,NTB,12,2014
,32,NTB,12,2014
,70,BTJ,12,2014
,41,BTJ,12,2014
,74,NTB,12,2014
,36,BTJ,12,2014
,44,NTB,12,2014
,52,BTJ,12,2014
,28,BTJ,12,2014
,47,BTJ,12,2014
,35,BTJ,12,2014
,25,NTB,12,2014
,44,BTJ,12,2014
,24,BTJ,12,2014
,23,BTJ,12,2014
,29,BTJ,12,2014
,42,BTJ,12,2014
,53,NTB,12,2014
,58,NTB,12,2014
,35,NTB,12,2014
,70,NTB,12,2014
,20,BTJ,12,2014
,40,BTJ,12,2014
,31,NTB,12,2014
,39,NTB,12,2014
,41,NTB,12,2014
,42,BTJ,12,2014
,34,BTJ,12,2014
,46,NTB,12,2014
,57,BTJ,12,2014
,26,NTB,12,2014
,46,BTJ,12,2014
,72,NTB,12,2014
,51,NTB,12,2014
,32,BTJ,12,2014
,56,BTJ,12,2014
,49,NTB,12,2014
,55,NTB,12,2014
,28,BTJ,12,2014
,34,NTB,12,2014
,40,NTB,12,2014
,50,BTJ,12,2014
,27,NTB,12,2014
,45,NTB,12,2014
,24,NTB,12,2014
,45,BTJ,12,2014
,44,NTB,12,2014
,38,NTB,12,2014
,33,BTJ,12,2014
,35,NTB,9,2015
,30,BTJ,12,2014
,44,NTB,12,2014
,50,BTJ,12,2014
,41,BTJ,12,2014
,34,BTJ,12,2014
,50,BTJ,12,2014
,52,BTJ,12,2014
,18,BTJ,2,2015
,24,NTB,12,2014
,44,NTB,12,2014
,51,BTJ,12,2014
,29,NTB,12,2014
,44,NTB,12,2014
,22,BTJ,12,2014
,48,NTB,12,2014
,47,NTB,12,2014
,31,BTJ,12,2014
,31,NTB,12,2014
,30,NTB,12,2014
,44,BTJ,1,2015
,33,BTJ,1,2015
,22,BTJ,1,2015
,15,NTB,9,2015
,46,BTJ,1,2015
,34,BTJ,1,2015
,117,NTB,1,2015
,46,BTJ,1,2015
,95,NTB,1,2015
,40,NTB,1,2015
,42,NTB,1,2015
,53,BTJ,1,2015
,62,BTJ,1,2015
,59,BTJ,1,2015
,34,NTB,9,2015
,40,BTJ,1,2015
,33,BTJ,1,2015
,34,NTB,1,2015
,34,NTB,1,2015
,50,BTJ,1,2015
,54,NTB,1,2015
,28,PLS,5,2016
,37,NTB,1,2015
,45,NTB,1,2015
,40,NTB,1,2015
,61,NTB,1,2015
,42,NTB,1,2015
,81,NTB,1,2015
,16,NTB,1,2015
,30,NTB,1,2015
,50,BTJ,1,2015
,44,BTJ,1,2015
,51,NTB,1,2015
,39,NTB,1,2015
,25,BTJ,1,2015
,26,BTJ,1,2015
,43,BTJ,1,2015
,108,BTJ,1,2015
,65,NTB,1,2015
,32,BTJ,1,2015
,50,BTJ,1,2015
,61,NTB,1,2015
,47,BTJ,1,2015
,39,NTB,1,2015
,53,NTB,1,2015
,33,BTJ,1,2015
,45,BTJ,1,2015
,63,BTJ,1,2015
,33,NTB,1,2015
,47,NTB,1,2015
,43,NTB,1,2015
,49,BTJ,1,2015
,36,NTB,1,2015
,27,BTJ,1,2015
,25,NTB,1,2015
,29,BTJ,1,2015
,51,BTJ,1,2015
,52,NTB,1,2015
,52,NTB,1,2015
,35,NTB,1,2015
,47,NTB,1,2015
,36,NTB,1,2015
,70,NTB,1,2015
,35,NTB,1,2015
,61,NTB,1,2015
,48,BTJ,1,2015
,43,NTB,1,2015
,65,NTB,1,2015
,31,BTJ,1,2015
,29,BTJ,1,2015
,34,BTJ,1,2015
,58,NTB,1,2015
,35,BTJ,1,2015
,61,BTJ,1,2015
,40,NTB,1,2015
,48,NTB,1,2015
,34,BTJ,1,2015
,27,BTJ,1,2015
,40,NTB,1,2015
,34,BTJ,1,2015
,76,BTJ,1,2015
,36,BTJ,1,2015
,39,NTB,1,2015
,51,BTJ,1,2015
,39,NTB,1,2015
,48,NTB,1,2015
,51,NTB,1,2015
,31,NTB,1,2015
,55,NTB,1,2015
,67,BTJ,1,2015
,41,NTB,1,2015
,68,BTJ,12,2014
,38,NTB,1,2015
,28,BTJ,1,2015
,34,NTB,1,2015
,30,BTJ,1,2015
,31,BTJ,1,2015
,35,BTJ,1,2015
,50,NTB,1,2015
,50,BTJ,1,2015
,41,NTB,1,2015
,48,NTB,1,2015
,37,BTJ,1,2015
,59,NTB,1,2015
,47,NTB,1,2015
,40,BTJ,1,2015
,51,BTJ,1,2015
,47,NTB,1,2015
,41,BTJ,1,2015
,43,BTJ,1,2015
,32,NTB,1,2015
,35,BTJ,1,2015
,32,BTJ,1,2015
,32,NTB,1,2015
,40,NTB,1,2015
,96,NTB,1,2015
,54,BTJ,1,2015
,59,NTB,1,2015
,32,NTB,1,2015
,62,BTJ,1,2015
,102,NTB,1,2015
,28,NTB,1,2015
,38,NTB,1,2015
,46,BTJ,1,2015
,39,BTJ,1,2015
,54,BTJ,1,2015
,43,NTB,1,2015
,37,NTB,1,2015
,30,NTB,1,2015
,53,BTJ,1,2015
,42,BTJ,1,2015
,39,BTJ,1,2015
,26,BTJ,1,2015
,43,NTB,1,2015
,72,NTB,1,2015
,32,BTJ,1,2015
,31,NTB,1,2015
,43,NTB,1,2015
,50,BTJ,1,2015
,40,NTB,1,2015
,37,BTJ,1,2015
,28,BTJ,1,2015
,60,BTJ,1,2015
,64,BTJ,1,2015
,85,BTJ,1,2015
,27,BTJ,1,2015
,52,NTB,1,2015
,38,BTJ,1,2015
,55,BTJ,1,2015
,47,BTJ,1,2015
,37,NTB,1,2015
,56,BTJ,1,2015
,34,BTJ,1,2015
,38,NTB,1,2015
,41,BTJ,1,2015
,30,BTJ,1,2015
,49,NTB,1,2015
,27,NTB,9,2015
,26,BTJ,1,2015
,44,BTJ,1,2015
,59,NTB,1,2015
,25,BTJ,1,2015
,31,BTJ,1,2015
,42,NTB,1,2015
,55,NTB,1,2015
,35,NTB,1,2015
,81,NTB,1,2015
,72,NTB,9,2015
,45,BTJ,1,2015
,34,BTJ,1,2015
,35,NTB,1,2015
,37,BTJ,1,2015
,29,NTB,1,2015
,44,BTJ,1,2015
,46,NTB,1,2015
,62,NTB,1,2015
,37,BTJ,1,2015
,30,BTJ,1,2015
,40,BTJ,1,2015
,46,NTB,1,2015
,84,NTB,1,2015
,41,NTB,1,2015
,31,NTB,1,2015
,22,BTJ,1,2015
,35,BTJ,1,2015
,39,BTJ,1,2015
,47,NTB,1,2015
,41,BTJ,1,2015
,45,NTB,1,2015
,72,NTB,1,2015
,34,BTJ,1,2015
,34,BTJ,1,2015
,43,NTB,1,2015
,24,BTJ,1,2015
,30,BTJ,1,2015
,45,BTJ,1,2015
,38,BTJ,1,2015
,53,BTJ,1,2015
,18,BTJ,1,2015
,20,BTJ,1,2015
,31,BTJ,1,2015
,36,BTJ,1,2015
,22,BTJ,2,2015
,44,BTJ,1,2015
,36,BTJ,1,2015
,22,BTJ,2,2015
,34,BTJ,1,2015
,37,BTJ,1,2015
,43,BTJ,1,2015
,51,BTJ,1,2015
,70,BTJ,1,2015
,60,BTJ,1,2015
,28,BTJ,1,2015
,31,BTJ,1,2015
,34,BTJ,1,2015
,32,BTJ,1,2015
,38,BTJ,1,2015
,42,BTJ,1,2015
,37,BTJ,1,2015
,23,BTJ,1,2015
,35,BTJ,1,2015
,37,BTJ,1,2015
,50,BTJ,1,2015
,47,BTJ,1,2015
,30,BTJ,1,2015
,46,BTJ,1,2015
,43,BTJ,1,2015
,40,BTJ,1,2015
,36,BTJ,1,2015
,25,BTJ,1,2015
,56,BTJ,1,2015
,57,BTJ,1,2015
,37,BTJ,1,2015
,46,BTJ,1,2015
,55,BTJ,1,2015
,21,BTJ,1,2015
,34,BTJ,1,2015
,51,BTJ,1,2015
,34,BTJ,1,2015
,40,BTJ,1,2015
,47,BTJ,2,2015
,40,BTJ,2,2015
,31,BTJ,2,2015
,60,NTB,2,2015
,34,BTJ,2,2015
,41,BTJ,2,2015
,40,NTB,2,2015
,33,BTJ,2,2015
,51,BTJ,2,2015
,30,NTB,2,2015
,34,BTJ,2,2015
,32,BTJ,1,2015
,33,NTB,2,2015
,41,NTB,2,2015
,19,NTB,2,2015
,51,NTB,9,2015
,46,BTJ,2,2015
,36,BTJ,2,2015
,18,BTJ,2,2015
,52,NTB,2,2015
,54,NTB,2,2015
,41,BTJ,2,2015
,50,NTB,2,2015
,39,NTB,2,2015
,42,BTJ,2,2015
,23,NTB,2,2015
,34,NTB,2,2015
,32,NTB,2,2015
,48,NTB,2,2015
,38,BTJ,1,2015
,34,BTJ,2,2015
,53,NTB,2,2015
,31,NTB,2,2015
,58,BTJ,2,2015
,31,BTJ,2,2015
,25,NTB,2,2015
,40,NTB,2,2015
,36,BTJ,2,2015
,42,NTB,2,2015
,27,NTB,2,2015
,34,BTJ,2,2015
,62,NTB,2,2015
,34,NTB,2,2015
,48,NTB,2,2015
,65,NTB,2,2015
,27,NTB,2,2015
,24,NTB,2,2015
,43,BTJ,2,2015
,48,BTJ,2,2015
,34,NTB,2,2015
,23,BTJ,2,2015
,46,NTB,2,2015
,32,BTJ,2,2015
,22,BTJ,2,2015
,51,NTB,2,2015
,30,BTJ,2,2015
,27,BTJ,2,2015
,43,NTB,2,2015
,36,NTB,2,2015
,30,NTB,2,2015
,24,NTB,2,2015
,48,NTB,2,2015
,36,BTJ,2,2015
,27,NTB,2,2015
,32,NTB,2,2015
,45,BTJ,2,2015
,34,BTJ,2,2015
,38,NTB,2,2015
,28,BTJ,2,2015
,31,BTJ,2,2015
,24,NTB,2,2015
,56,BTJ,2,2015
,47,BTJ,2,2015
,34,NTB,9,2015
,56,NTB,2,2015
,44,NTB,2,2015
,33,NTB,2,2015
,38,NTB,2,2015
,40,NTB,2,2015
,47,NTB,2,2015
,44,NTB,2,2015
,27,NTB,2,2015
,52,NTB,2,2015
,35,NTB,2,2015
,27,BTJ,2,2015
,30,NTB,2,2015
,53,NTB,2,2015
,48,NTB,2,2015
,36,NTB,2,2015
,42,NTB,2,2015
,37,NTB,2,2015
,28,NTB,2,2015
,60,NTB,2,2015
,24,BTJ,2,2015
,33,NTB,2,2015
,18,BTJ,2,2015
,52,NTB,2,2015
,42,NTB,2,2015
,151,BTJ,2,2015
,35,NTB,2,2015
,38,BTJ,2,2015
,47,BTJ,2,2015
,34,NTB,2,2015
,39,NTB,2,2015
,23,BTJ,2,2015
,34,NTB,2,2015
,27,BTJ,2,2015
,35,NTB,2,2015
,47,NTB,2,2015
,50,NTB,2,2015
,25,NTB,2,2015
,36,BTJ,2,2015
,27,NTB,2,2015
,53,NTB,2,2015
,35,NTB,2,2015
,26,NTB,2,2015
,54,NTB,2,2015
,72,NTB,2,2015
,30,NTB,2,2015
,31,NTB,2,2015
,35,NTB,2,2015
,23,NTB,2,2015
,52,NTB,2,2015
,18,BTJ,2,2015
,34,NTB,2,2015
,41,NTB,2,2015
,66,NTB,2,2015
,34,NTB,2,2015
,34,BTJ,2,2015
,40,NTB,2,2015
,50,NTB,2,2015
,40,NTB,2,2015
,46,NTB,2,2015
,31,NTB,2,2015
,49,BTJ,2,2015
,53,NTB,2,2015
,51,NTB,2,2015
,37,BTJ,2,2015
,21,BTJ,2,2015
,34,NTB,2,2015
,35,NTB,2,2015
,47,NTB,2,2015
,64,NTB,2,2015
,55,NTB,2,2015
,18,NTB,9,2015
,44,NTB,2,2015
,40,NTB,2,2015
,34,NTB,2,2015
,47,NTB,2,2015
,21,NTB,2,2015
,46,NTB,2,2015
,59,NTB,2,2015
,27,NTB,2,2015
,34,BTJ,2,2015
,36,NTB,2,2015
,26,NTB,2,2015
,51,NTB,2,2015
,15,BTJ,2,2015
,34,NTB,2,2015
,56,NTB,2,2015
,15,BTJ,2,2015
,43,BTJ,2,2015
,41,BTJ,2,2015
,47,NTB,2,2015
,37,BTJ,2,2015
,21,NTB,2,2015
,68,BTJ,2,2015
,83,NTB,2,2015
,40,NTB,2,2015
,20,BTJ,2,2015
,46,NTB,2,2015
,27,BTJ,2,2015
,41,NTB,2,2015
,36,BTJ,2,2015
,33,NTB,2,2015
,38,BTJ,2,2015
,30,NTB,2,2015
,37,BTJ,2,2015
,34,NTB,2,2015
,52,BTJ,2,2015
,36,NTB,2,2015
,24,BTJ,2,2015
,26,BTJ,2,2015
,27,NTB,2,2015
,22,NTB,2,2015
,30,BTJ,2,2015
,28,BTJ,2,2015
,20,BTJ,2,2015
,36,NTB,2,2015
,23,BTJ,2,2015
,34,BTJ,2,2015
,35,BTJ,2,2015
,40,BTJ,2,2015
,37,NTB,2,2015
,36,NTB,2,2015
,42,BTJ,2,2015
,50,NTB,2,2015
,25,BTJ,2,2015
,41,NTB,2,2015
,34,NTB,2,2015
,29,BTJ,2,2015
,54,NTB,2,2015
,26,BTJ,2,2015
,43,NTB,2,2015
,23,BTJ,2,2015
,32,NTB,2,2015
,34,NTB,2,2015
,26,BTJ,2,2015
,28,BTJ,2,2015
,44,BTJ,2,2015
,59,NTB,2,2015
,34,BTJ,2,2015
,46,NTB,2,2015
,30,NGM,2,2015
,33,NTB,2,2015
,33,BTJ,2,2015
,40,BTJ,2,2015
,41,NTB,2,2015
,76,NTB,2,2015
,22,BTJ,2,2015
,37,NGM,2,2015
,60,BTJ,2,2015
,76,NTB,2,2015
,55,NTB,2,2015
,25,NTB,2,2015
,32,BTJ,2,2015
,26,NGM,2,2015
,45,BTJ,2,2015
,32,NGM,2,2015
,50,NGM,2,2015
,42,NTB,2,2015
,57,NGM,2,2015
,42,BTJ,2,2015
,52,NTB,2,2015
,45,NTB,2,2015
,40,BTJ,2,2015
,34,BTJ,2,2015
,40,BTJ,2,2015
,34,NTB,2,2015
,36,NTB,2,2015
,58,NTB,2,2015
,42,NTB,2,2015
,45,BTJ,2,2015
,32,BTJ,2,2015
,26,BTJ,2,2015
,27,BTJ,2,2015
,30,BTJ,2,2015
,40,NTB,2,2015
,26,BTJ,2,2015
,46,BTJ,2,2015
,62,BTJ,2,2015
,36,NTB,2,2015
,37,BTJ,2,2015
,22,NGM,2,2015
,15,NGM,2,2015
,25,NTB,2,2015
,50,NTB,2,2015
,34,NTB,2,2015
,34,NTB,2,2015
,40,NTB,2,2015
,26,NGM,2,2015
,52,NTB,2,2015
,34,NTB,2,2015
,36,NTB,1,2012
,19,NGM,2,2015
,27,NTB,2,2015
,36,BTJ,2,2015
,16,NGM,2,2015
,26,NGM,2,2015
,19,NTB,2,2015
,43,NTB,2,2015
,41,NTB,2,2015
,36,NTB,2,2015
,34,NTB,2,2015
,17,NGM,2,2015
,31,NTB,2,2016
,22,NTB,2,2015
,40,NTB,2,2015
,27,BTJ,2,2015
,33,NTB,2,2015
,38,NTB,2,2015
,53,NTB,2,2015
,25,NTB,2,2015
,46,NTB,2,2015
,19,NTB,2,2015
,54,NTB,2,2015
,31,BTJ,2,2015
,31,NTB,2,2015
,34,NTB,2,2015
,48,NTB,2,2015
,45,NGM,2,2015
,33,NTB,2,2015
,33,NTB,2,2015
,38,NGM,2,2015
,62,NTB,2,2015
,34,NTB,2,2015
,37,NTB,2,2015
,39,NGM,2,2015
,34,NTB,2,2015
,42,NTB,2,2015
,27,BTJ,2,2015
,40,NTB,2,2015
,40,NTB,2,2015
,23,BTJ,2,2015
,88,NTB,2,2015
,30,NTB,2,2015
,34,NTB,2,2015
,39,NTB,2,2015
,43,NTB,1,2012
,32,NTB,2,2015
,21,NGM,2,2015
,27,NTB,2,2015
,19,NGM,2,2015
,17,NTB,2,2015
,34,NTB,2,2015
,23,NTB,2,2015
,50,NTB,2,2015
,28,NGM,2,2015
,35,NTB,2,2015
,22,NGM,2,2015
,21,NTB,2,2015
,38,NTB,2,2015
,34,NTB,9,2015
,28,NTB,2,2015
,47,NTB,2,2015
,39,NTB,2,2015
,42,NTB,2,2015
,30,NTB,2,2015
,18,NTB,2,2015
,20,NTB,2,2015
,33,NTB,2,2015
,18,NTB,9,2015
,24,NTB,2,2015
,31,NTB,2,2015
,34,NTB,2,2015
,29,NTB,2,2016
,44,NTB,2,2015
,37,NTB,2,2015
,45,NGM,2,2015
,28,NGM,2,2015
,39,NGM,2,2015
,18,NGM,2,2015
,14,NGM,2,2015
,21,NGM,2,2015
,19,NGM,2,2015
,13,NGM,2,2015
,18,NGM,2,2015
,43,NTB,2,2015
,30,NTB,2,2015
,26,NGM,2,2015
,54,NTB,2,2015
,45,NGM,2,2015
,14,NGM,2,2015
,23,NTB,2,2015
,22,NGM,2,2015
,50,NGM,2,2015
,26,NGM,2,2015
,24,NGM,2,2015
,38,BTJ,2,2015
,20,NGM,2,2015
,28,NGM,2,2015
,60,NGM,2,2015
,40,NGM,2,2015
,17,NGM,2,2015
,29,NGM,2,2015
,34,NGM,2,2015
,19,NGM,2,2015
,91,NTB,1,2015
,19,NGM,2,2015
,23,NGM,2,2015
,58,NGM,2,2015
,40,NGM,2,2015
,33,BTJ,2,2015
,45,KBK3,3,2015
,25,KBK3,3,2015
,55,KBK3,3,2015
,40,KBK3,3,2015
,37,KBK3,3,2015
,37,KBK3,3,2015
,53,KBK3,3,2015
,37,KBK3,3,2015
,19,KBK3,3,2015
,60,KBK3,3,2015
,33,KBK3,3,2015
,60,KBK3,3,2015
,43,KBK3,3,2015
,46,KBK3,3,2015
,51,KBK3,3,2015
,26,KBK3,3,2015
,64,KBK3,3,2015
,33,KBK3,3,2015
,53,KBK3,3,2015
,66,KBK3,3,2015
,70,KBK3,3,2015
,82,KBK3,3,2015
,48,KBK3,3,2015
,54,KBK3,3,2015
,13,KBK3,3,2015
,42,KBK3,3,2015
,27,KBK3,3,2015
,61,KBK3,3,2015
,61,KBK3,3,2015
,67,KBK3,3,2015
,44,KBK3,3,2015
,76,KBK3,3,2015
,33,KBK3,3,2015
,64,KBK3,3,2015
,28,KBK3,3,2015
,67,KBK3,3,2015
,39,KBK3,3,2015
,61,KBK3,3,2015
,34,KBK3,3,2015
,61,KBK3,3,2015
,52,KBK3,3,2015
,36,KBK3,3,2015
,33,KBK3,3,2015
,38,KBK3,3,2015
,48,KBK3,3,2015
,37,KBK3,3,2015
,20,KBK3,3,2015
,32,KBK3,3,2015
,60,KBK3,3,2015
,29,KBK3,3,2015
,52,KBK3,3,2015
,36,KBK3,3,2015
,44,KBK3,3,2015
,32,KBK3,3,2015
,58,KBK3,3,2015
,18,KBK3,3,2015
,23,KBK3,3,2015
,24,KBK3,3,2015
,73,KBK3,3,2015
,14,KBK3,3,2015
,31,KBK3,3,2015
,59,KBK1,3,2015
,17,KBK3,3,2015
,29,KBK3,3,2015
,70,KBK3,3,2015
,81,KBK3,3,2015
,48,KBK3,3,2015
,34,KBK3,3,2015
,30,KBK3,3,2015
,68,KBK3,3,2015
,56,KBK3,3,2015
,58,KBK3,3,2015
,64,KBK3,3,2015
,34,KBK3,3,2015
,37,KBK3,3,2015
,52,KBK3,3,2015
,67,KBK3,3,2015
,34,KBK3,3,2015
,35,KBK3,3,2015
,45,KBK3,3,2015
,35,KBK3,3,2015
,66,KBK3,3,2015
,55,KBK3,3,2015
,50,KBK2,3,2015
,38,KBK3,3,2015
,58,KBK3,3,2015
,26,KBK3,3,2015
,67,KBK3,3,2015
,34,KBK2,3,2015
,52,KBK2,3,2015
,43,KBK2,3,2015
,31,KBK2,3,2015
,32,KBK2,3,2015
,32,KBK2,3,2015
,57,KBK2,3,2015
,60,KBK2,3,2015
,73,KBK2,3,2015
,40,KBK2,3,2015
,30,KBK2,3,2015
,34,KBK2,3,2015
,26,KBK2,3,2015
,47,KBK2,3,2015
,56,KBK2,3,2015
,68,KBK2,3,2015
,37,KBK2,3,2015
,59,KBK2,3,2015
,60,KBK2,3,2015
,98,KBK2,3,2015
,45,KBK2,3,2015
,50,KBK2,3,2015
,31,KBK2,3,2015
,33,KBK2,3,2015
,39,KBK2,3,2015
,36,KBK2,3,2015
,85,KBK2,3,2015
,41,KBK2,3,2015
,27,KBK2,3,2015
,60,KBK2,3,2015
,54,KBK2,3,2015
,14,KBK2,3,2015
,56,KBK2,3,2015
,27,KBK2,3,2015
,41,KBK2,3,2015
,38,KBK2,3,2015
,58,KBK2,3,2015
,30,KBK2,3,2015
,104,KBK2,3,2015
,72,KBK2,3,2015
,32,KBK2,3,2015
,33,KBK2,3,2015
,94,KBK2,3,2015
,39,KBK2,3,2015
,67,KBK2,3,2015
,71,KBK2,3,2015
,39,KBK2,3,2015
,22,KBK2,3,2015
,41,KBK2,3,2015
,142,KBK2,3,2015
,24,KBK2,3,2015
,22,KBK2,3,2015
,48,BTJ,1,2015
,36,BTJ,1,2015
,62,PLS,9,2015
,63,PLS,5,2015
,75,PLS,5,2015
,45,PLS,5,2015
,38,PLS,5,2015
,32,PLS,5,2015
,52,PLS,5,2015
,58,PLS,5,2015
,55,PLS,5,2015
,30,PLS,5,2015
,47,PLS,8,2015
,60,PLS,5,2015
,50,PLS,5,2015
,52,PLS,5,2015
,66,PLS,5,2015
,70,PLS,5,2015
,38,PLS,5,2015
,62,PLS,5,2015
,42,PLS,5,2015
,80,PLS,5,2015
,70,PLS,5,2015
,47,PLS,5,2015
,36,PLS,5,2015
,42,PLS,5,2015
,49,PLS,5,2015
,33,PLS,5,2015
,150,PLS,5,2015
,62,PLS,5,2015
,42,PLS,5,2015
,84,PLS,5,2015
,58,PLS,5,2015
,36,PLS,5,2015
,30,PLS,5,2015
,89,PLS,5,2015
,38,PLS,5,2015
,56,PLS,5,2015
,72,PLS,5,2015
,49,PLS,5,2015
,58,PLS,5,2015
,35,PLS,5,2015
,45,PLS,5,2015
,56,PLS,5,2015
,41,PLS,5,2015
,36,PLS,5,2015
,33,PLS,5,2015
,73,PLS,5,2015
,42,PLS,5,2015
,30,PLS,5,2015
,44,PLS,5,2015
,37,PLS,5,2015
,45,PLS,5,2015
,50,PLS,5,2015
,63,PLS,5,2015
,48,PLS,5,2015
,42,PLS,5,2015
,62,PLS,5,2015
,86,PLS,5,2015
,42,PLS,5,2015
,49,PLS,5,2015
,56,PLS,5,2015
,63,PLS,5,2015
,83,PLS,5,2015
,76,PLS,5,2015
,37,PLS,5,2015
,73,PLS,5,2015
,30,PLS,5,2015
,32,PLS,5,2015
,37,PLS,5,2015
,48,PLS,5,2015
,50,PLS,5,2015
,38,PLS,5,2015
,70,PLS,5,2015
,33,PLS,5,2015
,31,PLS,5,2015
,57,PLS,5,2015
,30,PLS,5,2015
,55,PLS,5,2015
,32,PLS,5,2015
,120,PLS,5,2015
,72,PLS,5,2015
,51,PLS,5,2015
,47,PLS,5,2015
,97,PLS,5,2015
,53,PLS,5,2015
,36,PLS,5,2015
,87,PLS,5,2015
,43,PLS,8,2015
,67,PLS,5,2015
,90,PLS,5,2015
,49,PLS,5,2015
,42,PLS,5,2015
,40,PLS,5,2015
,77,PLS,5,2015
,61,PLS,5,2015
,36,PLS,5,2015
,56,PLS,5,2015
,44,PLS,5,2015
,54,PLS,5,2015
,15,PLS,5,2015
,60,PLS,5,2015
,42,PLS,5,2015
,42,PLS,5,2015
,18,PLS,5,2015
,35,PLS,5,2015
,90,PLS,5,2015
,70,PLS,5,2015
,27,PLS,5,2015
,58,PLS,5,2015
,47,PLS,5,2015
,31,PLS,5,2015
,37,PLS,5,2015
,33,PLS,5,2015
,34,PLS,5,2015
,32,PLS,5,2015
,40,PLS,5,2015
,55,PLS,5,2015
,36,PLS,5,2015
,24,PLS,5,2015
,42,PLS,5,2015
,36,PLS,5,2015
,48,PLS,5,2015
,43,PLS,5,2015
,51,PLS,5,2015
,63,PLS,5,2015
,62,PLS,5,2015
,70,PLS,5,2015
,29,PLS,5,2015
,46,PLS,5,2015
,36,PLS,5,2015
,72,PLS,5,2015
,47,PLS,5,2015
,55,PLS,5,2015
,47,PLS,5,2015
,50,PLS,5,2015
,38,PLS,5,2015
,32,PLS,5,2015
,35,PLS,5,2015
,51,PLS,5,2015
,41,PLS,5,2015
,19,PLS,9,2015
,32,PLS,5,2015
,36,PLS,5,2015
,56,PLS,5,2015
,43,PLS,5,2015
,62,PLS,5,2015
,80,PLS,9,2015
,46,PLS,5,2015
,61,PLS,5,2015
,56,PLS,5,2015
,57,PLS,5,2015
,27,PLS,5,2015
,20,PLS,5,2015
,42,PLS,5,2015
,36,PLS,5,2015
,32,PLS,5,2015
,46,PLS,5,2015
,34,PLS,5,2015
,62,PLS,5,2015
,48,PLS,5,2015
,41,PLS,5,2015
,31,PLS,5,2015
,41,PLS,5,2015
,32,PLS,5,2015
,73,PLS,5,2015
,42,PLS,5,2015
,73,PLS,5,2015
,54,PLS,5,2015
,54,PLS,5,2015
,130,PLS,5,2015
,40,PLS,5,2015
,30,PLS,5,2015
,37,PLS,5,2015
,75,PLS,5,2015
,36,PLS,5,2015
,62,PLS,5,2015
,41,PLS,5,2015
,86,PLS,5,2015
,84,PLS,5,2015
,109,PLS,5,2015
,69,PLS,9,2015
,48,PLS,6,2015
,35,PLS,6,2015
,37,PLS,6,2015
,60,PLS,6,2015
,51,PLS,6,2015
,40,PLS,6,2015
,52,PLS,6,2015
,48,PLS,6,2015
,56,PLS,6,2015
,33,PLS,6,2015
,46,PLS,6,2015
,36,PLS,6,2015
,60,PLS,6,2015
,51,PLS,6,2015
,48,PLS,6,2015
,60,PLS,6,2015
,31,PLS,6,2015
,32,PLS,6,2015
,32,PLS,6,2015
,50,PLS,6,2015
,48,PLS,6,2015
,52,PLS,6,2015
,43,PLS,6,2015
,30,PLS,6,2015
,36,PLS,6,2015
,35,PLS,6,2015
,27,PLS,6,2015
,44,PLS,6,2015
,24,PLS,6,2015
,52,PLS,6,2015
,58,PLS,6,2015
,52,PLS,6,2015
,80,PLS,6,2015
,51,PLS,6,2015
,25,PLS,6,2015
,48,PLS,6,2015
,56,PLS,6,2015
,54,PLS,6,2015
,56,PLS,6,2015
,30,PLS,6,2015
,30,PLS,7,2015
,37,PLS,6,2015
,42,PLS,6,2015
,63,PLS,6,2015
,62,PLS,6,2015
,48,PLS,6,2015
,49,PLS,6,2015
,37,PLS,6,2015
,44,PLS,6,2015
,43,PLS,6,2015
,58,PLS,6,2015
,41,PLS,6,2015
,33,PLS,6,2015
,54,PLS,6,2015
,51,PLS,6,2015
,38,PLS,6,2015
,51,PLS,6,2015
,53,PLS,6,2015
,46,PLS,6,2015
,33,PLS,6,2015
,29,PLS,6,2015
,42,PLS,6,2015
,37,PLS,6,2015
,72,PLS,6,2015
,51,PLS,6,2015
,43,PLS,6,2015
,35,PLS,6,2015
,40,PLS,6,2015
,66,PLS,6,2015
,32,PLS,6,2015
,39,PLS,6,2015
,40,PLS,6,2015
,32,PLS,6,2015
,20,PLS,6,2015
,52,PLS,6,2015
,59,PLS,6,2015
,22,PLS,6,2015
,29,PLS,6,2015
,57,PLS,6,2015
,49,PLS,6,2015
,51,PLS,6,2015
,25,PLS,6,2015
,42,PLS,6,2015
,31,PLS,6,2015
,30,PLS,6,2015
,59,PLS,6,2015
,42,PLS,6,2015
,46,PLS,6,2015
,64,PLS,6,2015
,30,PLS,6,2015
,28,PLS,6,2015
,30,PLS,6,2015
,37,PLS,6,2015
,45,PLS,6,2015
,23,PLS,6,2015
,32,PLS,6,2015
,72,PLS,6,2015
,49,PLS,6,2015
,58,PLS,6,2015
,41,PLS,6,2015
,28,PLS,6,2015
,60,PLS,6,2015
,53,PLS,6,2015
,45,PLS,6,2015
,31,PLS,6,2015
,39,PLS,6,2015
,55,PLS,6,2015
,49,PLS,6,2015
,33,PLS,6,2015
,68,PLS,6,2015
,38,PLS,6,2015
,81,PLS,6,2015
,48,PLS,6,2015
,31,PLS,6,2015
,40,PLS,6,2015
,35,PLS,6,2015
,27,PLS,6,2015
,50,PLS,6,2015
,29,PLS,6,2015
,44,PLS,6,2015
,31,PLS,6,2015
,32,PLS,6,2015
,28,PLS,6,2015
,67,PLS,6,2015
,38,PLS,6,2015
,31,PLS,6,2015
,12,PLS,6,2015
,53,PLS,6,2015
,55,PLS,6,2015
,39,PLS,6,2015
,32,PLS,6,2015
,28,PLS,6,2015
,52,PLS,6,2015
,32,PLS,6,2015
,57,PLS,6,2015
,76,PLS,6,2015
,20,PLS,6,2015
,57,PLS,6,2015
,32,PLS,6,2015
,21,PLS,6,2015
,28,PLS,6,2015
,40,PLS,6,2015
,39,PLS,6,2015
,49,PLS,6,2015
,55,PLS,6,2015
,40,PLS,6,2015
,58,PLS,6,2015
,36,PLS,6,2015
,46,PLS,6,2015
,59,PLS,6,2015
,30,PLS,6,2015
,18,PLS,6,2015
,60,PLS,6,2015
,38,PLS,6,2015
,47,PLS,6,2015
,52,PLS,6,2015
,67,PLS,6,2015
,36,PLS,6,2015
,35,PLS,6,2015
,52,PLS,6,2015
,87,PLS,9,2015
,30,PLS,6,2015
,43,PLS,6,2015
,39,PLS,6,2015
,46,PLS,6,2015
,84,PLS,6,2015
,43,PLS,6,2015
,42,PLS,6,2015
,35,PLS,6,2015
,25,PLS,6,2015
,98,PLS,6,2015
,42,PLS,6,2015
,31,PLS,6,2015
,32,PLS,6,2015
,44,PLS,6,2015
,66,PLS,6,2015
,38,PLS,7,2015
,30,PLS,6,2015
,58,PLS,6,2015
,17,PLS,6,2015
,36,PLS,6,2015
,57,PLS,6,2015
,30,PLS,6,2015
,38,PLS,6,2015
,22,PLS,7,2015
,48,PLS,6,2015
,83,PLS,6,2015
,36,PLS,6,2015
,36,PLS,6,2015
,44,PLS,6,2015
,63,PLS,6,2015
,32,PLS,6,2015
,38,PLS,6,2015
,57,PLS,6,2015
,89,PLS,6,2015
,30,PLS,6,2015
,45,PLS,6,2015
,30,PLS,6,2015
,44,PLS,6,2015
,40,PLS,6,2015
,67,PLS,6,2015
,41,PLS,6,2015
,83,PLS,6,2015
,23,PLS,6,2015
,70,PLS,6,2015
,39,PLS,6,2015
,44,PLS,8,2015
,26,PLS,6,2015
,55,PLS,6,2015
,32,PLS,6,2015
,37,PLS,6,2015
,64,PLS,6,2015
,62,PLS,6,2015
,34,PLS,6,2015
,40,PLS,6,2015
,33,PLS,6,2015
,29,PLS,6,2015
,39,PLS,6,2015
,36,PLS,6,2015
,23,PLS,6,2015
,25,PLS,6,2015
,44,PLS,6,2015
,58,PLS,6,2015
,28,PLS,6,2015
,60,PLS,6,2015
,18,PLS,6,2015
,31,PLS,6,2015
,68,PLS,6,2015
,42,PLS,6,2015
,49,PLS,6,2015
,69,PLS,6,2015
,18,PLS,6,2015
,34,PLS,6,2015
,45,PLS,6,2015
,56,PLS,6,2015
,24,PLS,6,2015
,33,PLS,6,2015
,31,PLS,6,2015
,58,PLS,8,2015
,48,PLS,6,2015
,38,PLS,6,2015
,42,PLS,6,2015
,40,PLS,6,2015
,36,PLS,7,2015
,46,PLS,6,2015
,36,PLS,6,2015
,25,PLS,6,2015
,20,PLS,6,2015
,35,PLS,2,2016
,30,PLS,6,2015
,40,PLS,6,2015
,36,PLS,6,2015
,30,PLS,6,2015
,50,PLS,6,2015
,58,PLS,6,2015
,51,PLS,6,2015
,60,PLS,6,2015
,40,PLS,6,2015
,36,PLS,6,2015
,26,PLS,6,2015
,44,PLS,6,2015
,30,PLS,6,2015
,18,PLS,6,2015
,50,PLS,6,2015
,58,PLS,6,2015
,64,PLS,6,2015
,37,PLS,6,2015
,42,PLS,6,2015
,49,PLS,6,2015
,43,PLS,6,2015
,44,PLS,6,2015
,40,PLS,6,2015
,57,PLS,6,2015
,51,PLS,6,2015
,37,PLS,6,2015
,42,PLS,6,2015
,40,PLS,6,2015
,23,PLS,7,2015
,30,PLS,6,2015
,37,PLS,7,2015
,40,PLS,7,2015
,48,PLS,6,2015
,38,PLS,6,2015
,36,PLS,6,2015
,57,PLS,6,2015
,36,PLS,6,2015
,48,PLS,6,2015
,50,PLS,6,2015
,28,PLS,6,2015
,36,PLS,7,2015
,17,PLS,7,2015
,24,PLS,7,2015
,34,PLS,7,2015
,31,PLS,7,2015
,26,PLS,7,2015
,35,PLS,7,2015
,40,PLS,7,2015
,58,PLS,7,2015
,28,PLS,7,2015
,25,PLS,7,2015
,30,PLS,7,2015
,40,PLS,7,2015
,63,PLS,7,2015
,41,PLS,7,2015
,50,PLS,7,2015
,36,PLS,7,2015
,53,PLS,7,2015
,41,PLS,7,2015
,47,PLS,7,2015
,20,PLS,7,2015
,43,PLS,7,2015
,40,PLS,7,2015
,14,PLS,7,2015
,51,PLS,7,2015
,49,PLS,8,2015
,82,PLS,7,2015
,49,PLS,7,2015
,55,PLS,7,2015
,28,PLS,7,2015
,28,PLS,7,2015
,48,PLS,7,2015
,56,PLS,7,2015
,43,PLS,7,2015
,36,PLS,7,2015
,16,PLS,7,2015
,46,PLS,7,2015
,24,PLS,7,2015
,61,PLS,7,2015
,30,PLS,7,2015
,33,PLS,7,2015
,26,PLS,7,2015
,41,PLS,7,2015
,15,PLS,7,2015
,51,PLS,7,2015
,32,PLS,7,2015
,87,PLS,7,2015
,22,PLS,3,2016
,47,PLS,7,2015
,40,PLS,7,2015
,33,PLS,7,2015
,41,PLS,7,2015
,30,PLS,7,2015
,28,PLS,7,2015
,44,PLS,7,2015
,38,PLS,7,2015
,50,PLS,7,2015
,53,PLS,7,2015
,57,PLS,7,2015
,34,PLS,7,2015
,26,PLS,7,2015
,49,PLS,7,2015
,48,PLS,7,2015
,35,PLS,7,2015
,53,PLS,7,2015
,19,PLS,5,2016
,39,PLS,7,2015
,41,PLS,7,2015
,99,PLS,7,2015
,50,PLS,7,2015
,26,PLS,7,2015
,35,PLS,7,2015
,48,PLS,7,2015
,28,PLS,7,2015
,42,PLS,7,2015
,38,PLS,7,2015
,50,PLS,7,2015
,36,PLS,7,2015
,64,PLS,7,2015
,46,PLS,7,2015
,30,PLS,7,2015
,31,PLS,7,2015
,21,PLS,7,2015
,41,PLS,7,2015
,67,PLS,7,2015
,31,PLS,7,2015
,39,PLS,7,2015
,46,PLS,7,2015
,39,PLS,7,2015
,42,PLS,7,2015
,27,PLS,7,2015
,47,PLS,7,2015
,44,PLS,7,2015
,47,PLS,7,2015
,33,PLS,7,2015
,39,PLS,7,2015
,46,PLS,7,2015
,50,PLS,7,2015
,11,PLS,7,2015
,32,PLS,7,2015
,40,PLS,7,2015
,68,PLS,7,2015
,30,PLS,7,2015
,30,PLS,7,2015
,17,PLS,7,2015
,20,PLS,7,2015
,38,PLS,7,2015
,56,PLS,7,2015
,36,PLS,7,2015
,22,PLS,7,2015
,30,PLS,7,2015
,31,PLS,7,2015
,28,PLS,7,2015
,28,PLS,7,2015
,35,PLS,7,2015
,33,PLS,7,2015
,97,PLS,7,2015
,30,PLS,7,2015
,35,PLS,7,2015
,35,PLS,7,2015
,20,PLS,7,2015
,39,PLS,7,2015
,32,PLS,7,2015
,35,PLS,7,2015
,42,PLS,7,2015
,51,PLS,7,2015
,38,PLS,7,2015
,28,PLS,7,2015
,30,PLS,7,2015
,39,PLS,7,2015
,20,PLS,7,2015
,36,PLS,7,2015
,22,PLS,7,2015
,25,PLS,7,2015
,34,PLS,7,2015
,29,PLS,7,2015
,45,PLS,7,2015
,20,PLS,7,2015
,39,PLS,7,2015
,20,PLS,7,2015
,47,PLS,7,2015
,32,PLS,7,2015
,40,PLS,7,2015
,56,PLS,7,2015
,99,PLS,7,2015
,31,PLS,7,2015
,43,PLS,7,2015
,22,PLS,7,2015
,28,PLS,7,2015
,68,PLS,7,2015
,53,PLS,7,2015
,28,PLS,7,2015
,30,PLS,7,2015
,42,PLS,7,2015
,38,PLS,7,2015
,56,PLS,7,2015
,26,PLS,7,2015
,52,PLS,7,2015
,32,PLS,7,2015
,44,PLS,7,2015
,52,PLS,7,2015
,41,PLS,7,2015
,26,PLS,7,2015
,27,PLS,7,2015
,53,PLS,7,2015
,32,PLS,7,2015
,18,PLS,7,2015
,33,PLS,7,2015
,49,PLS,7,2015
,36,PLS,7,2015
,48,PLS,7,2015
,76,PLS,7,2015
,52,PLS,7,2015
,38,PLS,7,2015
,57,PLS,7,2015
,162,PLS,7,2015
,42,PLS,7,2015
,28,PLS,7,2015
,20,PLS,7,2015
,33,PLS,7,2015
,32,PLS,7,2015
,19,PLS,7,2015
,35,PLS,7,2015
,44,PLS,7,2015
,43,PLS,7,2015
,27,PLS,7,2015
,60,PLS,7,2015
,22,PLS,7,2015
,44,PLS,7,2015
,25,PLS,7,2015
,29,PLS,7,2015
,21,PLS,7,2015
,61,PLS,7,2015
,57,PLS,7,2015
,30,PLS,7,2015
,43,PLS,7,2015
,27,PLS,7,2015
,31,PLS,7,2015
,39,PLS,7,2015
,18,PLS,7,2015
,46,PLS,7,2015
,32,PLS,7,2015
,21,PLS,7,2015
,17,PLS,7,2015
,32,PLS,7,2015
,25,PLS,7,2015
,60,PLS,7,2015
,25,PLS,7,2015
,41,PLS,7,2015
,25,PLS,7,2015
,27,PLS,7,2015
,17,PLS,7,2015
,18,PLS,7,2015
,42,PLS,7,2015
,53,PLS,7,2015
,21,PLS,7,2015
,31,PLS,7,2015
,20,PLS,7,2015
,33,PLS,7,2015
,42,PLS,7,2015
,49,PLS,7,2015
,47,PLS,7,2015
,21,PLS,7,2015
,30,PLS,7,2015
,44,PLS,7,2015
,19,PLS,7,2015
,72,PLS,7,2015
,96,PLS,7,2015
,38,PLS,7,2015
,66,PLS,7,2015
,108,PLS,7,2015
,37,PLS,7,2015
,23,PLS,7,2015
,24,PLS,7,2015
,25,PLS,7,2015
,32,PLS,7,2015
,35,PLS,7,2015
,28,PLS,7,2015
,100,PLS,7,2015
,47,PLS,7,2015
,17,PLS,7,2015
,28,PLS,7,2015
,49,PLS,7,2015
,29,PLS,7,2015
,20,PLS,7,2015
,24,PLS,7,2015
,37,PLS,7,2015
,31,PLS,7,2015
,47,PLS,7,2015
,40,PLS,7,2015
,23,PLS,7,2015
,22,PLS,7,2015
,28,PLS,7,2015
,35,PLS,7,2015
,44,PLS,7,2015
,34,PLS,7,2015
,36,PLS,7,2015
,22,PLS,7,2015
,45,PLS,7,2015
,44,PLS,7,2015
,52,PLS,7,2015
,48,PLS,7,2015
,45,PLS,7,2015
,23,PLS,7,2015
,20,PLS,7,2015
,40,PLS,7,2015
,63,PLS,7,2015
,54,PLS,7,2015
,43,PLS,7,2015
,31,PLS,7,2015
,41,PLS,7,2015
,28,PLS,7,2015
,38,PLS,7,2015
,39,PLS,7,2015
,40,PLS,7,2015
,23,PLS,7,2015
,25,PLS,7,2015
,12,PLS,7,2015
,38,PLS,7,2015
,19,PLS,7,2015
,25,PLS,7,2015
,42,PLS,7,2015
,41,PLS,7,2015
,54,PLS,7,2015
,13,PLS,7,2015
,38,PLS,7,2015
,30,PLS,7,2015
,25,PLS,7,2015
,17,PLS,7,2015
,37,PLS,7,2015
,32,PLS,7,2015
,25,PLS,7,2015
,34,PLS,7,2015
,41,PLS,7,2015
,15,PLS,7,2015
,22,PLS,7,2015
,30,PLS,7,2015
,58,PLS,7,2015
,40,PLS,7,2015
,62,PLS,7,2015
,44,PLS,7,2015
,32,PLS,7,2015
,37,PLS,7,2015
,80,PLS,7,2015
,60,PLS,7,2015
,25,PLS,7,2015
,28,PLS,7,2015
,34,PLS,7,2015
,30,PLS,8,2015
,41,PLS,7,2015
,33,PLS,7,2015
,33,PLS,7,2015
,35,PLS,7,2015
,28,PLS,7,2015
,28,PLS,7,2015
,62,PLS,7,2015
,43,PLS,7,2015
,30,PLS,7,2015
,34,PLS,7,2015
,33,PLS,7,2015
,50,PLS,7,2015
,16,PLS,7,2015
,36,PLS,7,2015
,19,PLS,7,2015
,20,PLS,7,2015
,42,PLS,7,2015
,33,PLS,7,2015
,18,PLS,7,2015
,60,PLS,7,2015
,30,PLS,7,2015
,26,PLS,7,2015
,42,PLS,7,2015
,20,PLS,7,2015
,65,PLS,7,2015
,33,PLS,7,2015
,25,PLS,7,2015
,34,PLS,7,2015
,36,PLS,7,2015
,28,PLS,7,2015
,44,PLS,7,2015
,27,PLS,7,2015
,23,PLS,8,2015
,38,PLS,7,2015
,50,PLS,7,2015
,26,PLS,7,2015
,60,PLS,7,2015
,30,PLS,8,2015
,56,PLS,8,2015
,21,PLS,8,2015
,48,PLS,9,2015
,46,PLS,9,2015
,34,PLS,9,2015
,28,SRK,9,2015
,80,SRK,9,2015
,62,SRK,9,2014
,41,MFW,10,2015
,35,MBL1,10,2015
,62,MFW,10,2015
,50,MFW,10,2015
,35,MFW,10,2015
,35,MFW,10,2015
,44,MFW,10,2015
,71,MFW,10,2015
,41,MFW,10,2015
,71,MFW,10,2015
,71,MFW,10,2015
,40,MFW,10,2015
,30,MFW,10,2015
,35,MFW,10,2015
,33,MFW,10,2015
,42,MFW,10,2015
,72,MFW,10,2015
,54,MFW,10,2015
,46,MFW,10,2015
,30,MFW,10,2015
,50,MFW,10,2015
,68,MFW,10,2015
,42,MFW,10,2015
,34,MFW,10,2015
,24,MFW,10,2015
,44,MFW,10,2015
,103,MFW,10,2015
,38,MFW,10,2015
,36,MFW,10,2015
,34,MFW,10,2015
,80,MFW,10,2015
,35,MFW,10,2015
,77,MFW,10,2015
,98,MFW,10,2015
,30,MFW,10,2015
,43,MFW,10,2015
,80,MFW,10,2015
,101,MFW,10,2015
,60,MFW,10,2015
,34,MFW,10,2015
,68,MFW,10,2015
,72,MFW,10,2015
,74,MFW,10,2015
,20,MFW,10,2015
,11,MFW,10,2015
,38,MFW,10,2015
,76,MBL1,10,2015
,58,MFW,10,2015
,54,MFW,10,2015
,98,MFW,10,2015
,27,MFW,10,2015
,28,MFW,10,2015
,38,MFW,10,2015
,54,MFW,10,2015
,36,MBL1,10,2015
,52,MBL1,10,2015
,38,MBL1,10,2015
,43,MBL1,10,2015
,45,MFW,10,2015
,140,TRR,11,2015
,52,TRR,11,2015
,30,TRR,11,2015
,78,TRR,11,2015
,110,TRR,11,2015
,77,TRR,11,2015
,80,TRR,11,2015
,70,TRR,11,2015
,74,TRR,11,2015
,70,TRR,11,2015
,52,TRR,11,2015
,64,TRR,11,2015
,75,TRR,11,2015
,50,TRR,11,2015
,52,TRR,11,2015
,57,TRR,11,2015
,100,TRR,11,2015
,41,TRR,11,2015
,60,TRR,11,2015
,40,TRR,11,2015
,120,TRR,11,2015
,92,TRR,11,2015
,68,TRR,11,2015
,130,TRR,11,2015
,70,TRR,11,2015
,44,TRR,11,2015
,85,TRR,11,2015
,64,TRR,11,2015
,60,TRR,11,2015
,80,TRR,11,2015
,59,TRR,11,2015
,39,TRR,11,2015
,98,TRR,11,2015
,48,TRR,11,2015
,18,TRR,11,2015
,49,TRR,11,2015
,50,TRR,11,2015
,120,TRR,11,2015
,70,TRR,11,2015
,42,TRR,11,2015
,78,TRR,11,2015
,55,TRR,11,2015
,65,TRR,11,2015
,48,TRR,11,2015
,39,TRR,11,2015
,68,TRR,11,2015
,68,TRR,11,2015
,20,TRR,11,2015
,41,TRR,11,2015
,49,TRR,11,2015
,48,TRR,11,2015
,50,TRR,11,2015
,62,TRR,11,2015
,47,TRR,11,2015
,45,TRR,11,2015
,68,TRR,11,2015
,70,TRR,11,2015
,62,TRR,11,2015
,55,TRR,11,2015
,40,TRR,11,2015
,50,TRR,11,2015
,42,TRR,12,2015
,35,TRR,11,2015
,120,TRR,11,2015
,52,TRR,11,2015
,45,TRR,11,2015
,60,TRR,11,2015
,52,TRR,11,2015
,57,TRR,11,2015
,120,TRR,11,2015
,70,TRR,11,2015
,72,TRR,12,2015
,56,TRR,11,2015
,62,TRR,11,2015
,100,TRR,11,2015
,53,TRR,11,2015
,70,TRR,12,2015
,21,TRR,11,2015
,50,TRR,11,2015
,54,TRR,11,2015
,95,TRR,11,2015
,38,TRR,11,2015
,50,TRR,11,2015
,90,TRR,11,2015
,62,TRR,11,2015
,62,TRR,11,2015
,60,TRR,11,2015
,54,TRR,11,2015
,26,TRR,11,2015
,45,TRR,11,2015
,30,TRR,11,2015
,61,TRR,11,2015
,47,TRR,11,2015
,40,TRR,11,2015
,88,TRR,11,2015
,52,TRR,11,2015
,110,TRR,11,2015
,51,TRR,11,2015
,70,TRR,11,2015
,44,TRR,11,2015
,49,TRR,11,2015
,158,TRR,11,2015
,26,TRR,11,2015
,48,TRR,11,2015
,76,TRR,11,2015
,64,TRR,11,2015
,40,TRR,11,2015
,57,TRR,11,2015
,64,TRR,11,2015
,50,TRR,11,2015
,71,TRR,11,2015
,65,TRR,11,2015
,53,TRR,11,2015
,50,TRR,11,2015
,45,TRR,11,2015
,65,TRR,11,2015
,43,TRR,11,2015
,65,TRR,11,2015
,60,TRR,11,2015
,45,TRR,11,2015
,65,TRR,11,2015
,150,TRR,11,2015
,37,TRR,11,2015
,77,TRR,11,2015
,38,TRR,11,2015
,62,TRR,11,2015
,18,TRR,11,2015
,70,TRR,11,2015
,38,TRR,11,2015
,30,TRR,11,2015
,65,TRR,11,2015
,41,TRR,11,2015
,47,TRR,11,2015
,38,TRR,11,2015
,57,TRR,11,2015
,56,TRR,11,2015
,50,TRR,11,2015
,56,TRR,11,2015
,36,TRR,11,2015
,48,TRR,11,2015
,56,TRR,11,2015
,51,TRR,11,2015
,50,TRR,11,2015
,98,TRR,11,2015
,68,TRR,11,2015
,62,TRR,11,2015
,36,TRR,11,2015
,68,TRR,11,2015
,43,TRR,11,2015
,77,TRR,11,2015
,28,TRR,11,2015
,27,TRR,11,2015
,66,TRR,11,2015
,52,TRR,11,2015
,48,TRR,11,2015
,89,TRR,11,2015
,72,TRR,11,2015
,62,TRR,11,2015
,35,TRR,11,2015
,41,TRR,11,2015
,58,TRR,11,2015
,50,TRR,11,2015
,59,TRR,11,2015
,50,TRR,11,2015
,73,TRR,11,2015
,56,TRR,11,2015
,60,TRR,11,2015
,33,TRR,11,2015
,47,TRR,11,2015
,68,TRR,11,2015
,70,TRR,11,2015
,60,TRR,11,2015
,42,TRR,11,2015
,31,TRR,11,2015
,42,TRR,11,2015
,58,TRR,11,2015
,58,TRR,11,2015
,21,TRR,11,2015
,62,TRR,11,2015
,150,TRR,11,2015
,40,TRR,11,2015
,69,TRR,11,2015
,65,TRR,11,2015
,53,TRR,11,2015
,76,TRR,11,2015
,60,TRR,11,2015
,56,TRR,11,2015
,64,TRR,11,2015
,60,TRR,11,2015
,50,TRR,11,2015
,40,TRR,11,2015
,70,TRR,11,2015
,87,TRR,11,2015
,58,TRR,11,2015
,48,TRR,11,2015
,64,TRR,11,2015
,62,TRR,11,2015
,45,TRR,11,2015
,64,TRR,11,2015
,48,TRR,11,2015
,30,TRR,11,2015
,40,TRR,11,2015
,27,TRR,11,2015
,43,TRR,11,2015
,53,TRR,11,2015
,54,TRR,11,2015
,52,TRR,11,2015
,74,TRR,11,2015
,48,TRR,11,2015
,50,TRR,11,2015
,50,TRR,11,2015
,40,TRR,11,2015
,30,TRR,11,2015
,70,TRR,11,2015
,52,TRR,12,2015
,30,TRR,11,2015
,41,TRR,11,2015
,,TRR,1,2012
,46,TRR,11,2015
,29,TRR,11,2015
,30,TRR,11,2015
,53,TRR,11,2015
,41,TRR,11,2015
,92,TRR,11,2015
,30,TRR,12,2015
,39,TRR,11,2015
,68,TRR,12,2015
,22,TRR,11,2015
,40,TRR,11,2015
,44,TRR,11,2015
,37,TRR,11,2015
,43,TRR,11,2015
,48,TRR,11,2015
,86,TRR,11,2015
,28,TRR,11,2015
,93,TRR,11,2015
,110,TRR,11,2015
,88,TRR,11,2015
,51,TRR,11,2015
,69,TRR,11,2015
,38,TRR,11,2015
,72,TRR,11,2015
,53,TRR,11,2015
,59,TRR,11,2015
,52,TRR,11,2015
,83,TRR,12,2015
,44,TRR,11,2015
,69,TRR,12,2015
,64,TRR,12,2015
,52,TRR,12,2015
,82,TRR,12,2015
,88,TRR,12,2015
,50,TRR,12,2015
,50,TRR,12,2015
,67,TRR,12,2015
,30,TRR,11,2015
,70,TRR,12,2015
,28,TRR,12,2015
,40,TRR,12,2015
,70,TRR,12,2015
,41,TRR,12,2015
,65,TRR,12,2015
,81,TRR,12,2015
,68,TRR,12,2015
,101,TRR,12,2015
,35,TRR,12,2015
,51,TRR,12,2015
,23,TRR,12,2015
,58,TRR,12,2015
,62,TRR,12,2015
,39,TRR,12,2015
,70,TRR,12,2015
,50,TRR,12,2015
,40,TRR,12,2015
,30,TRR,12,2015
,80,TRR,12,2015
,67,TRR,12,2015
,130,TRR,12,2015
,78,TRR,12,2015
,65,TRR,12,2015
,59,TRR,12,2015
,71,TRR,12,2015
,41,TRR,12,2015
,48,TRR,12,2015
,40,TRR,12,2015
,68,TRR,12,2015
,33,TRR,12,2015
,89,TRR,12,2015
,60,TRR,12,2015
,65,TRR,12,2015
,42,TRR,12,2015
,65,TRR,12,2015
,52,TRR,12,2015
,60,TRR,12,2015
,41,TRR,12,2015
,32,TRR,12,2015
,55,TRR,12,2015
,63,TRR,12,2015
,52,TRR,12,2015
,75,TRR,12,2015
,46,TRR,12,2015
,41,TRR,12,2015
,55,TRR,12,2015
,56,TRR,12,2015
,74,TRR,12,2015
,50,TRR,12,2015
,33,TRR,12,2015
,50,TRR,12,2015
,66,TRR,12,2015
,100,TRR,12,2015
,36,TRR,12,2015
,40,TRR,12,2015
,68,TRR,12,2015
,89,TRR,12,2015
,61,TRR,12,2015
,74,TRR,12,2015
,38,TRR,12,2015
,37,TRR,12,2015
,50,TRR,12,2015
,47,TRR,12,2015
,65,TRR,12,2015
,72,TRR,12,2015
,79,TRR,12,2015
,76,TRR,12,2015
,75,TRR,12,2015
,69,TRR,12,2015
,80,TRR,12,2015
,47,TRR,12,2015
,69,TRR,12,2015
,70,TRR,12,2015
,70,TRR,12,2015
,62,TRR,12,2015
,68,TRR,12,2015
,60,TRR,12,2015
,56,TRR,12,2015
,30,TRR,12,2015
,62,TRR,12,2015
,100,TRR,12,2015
,31,TRR,12,2015
,78,TRR,12,2015
,29,TRR,12,2015
,91,TRR,12,2015
,41,TRR,12,2015
,109,TRR,12,2015
,59,TRR,12,2015
,50,TRR,12,2015
,60,TRR,12,2015
,31,TRR,12,2015
,40,TRR,12,2015
,50,TRR,12,2015
,60,TRR,12,2015
,74,TRR,12,2015
,70,TRR,12,2015
,65,TRR,12,2015
,41,TRR,12,2015
,79,TRR,12,2015
,76,TRR,12,2015
,30,TRR,12,2015
,48,TRR,12,2015
,120,TRR,12,2015
,79,TRR,12,2015
,60,TRR,12,2015
,54,TRR,12,2015
,50,TRR,12,2015
,56,TRR,12,2015
,40,TRR,12,2015
,36,TRR,12,2015
,78,TRR,12,2015
,40,TRR,12,2015
,28,TRR,12,2015
,50,TRR,12,2015
,55,TRR,12,2015
,40,TRR,12,2012
,60,TRR,12,2015
,83,TRR,12,2015
,50,TRR,12,2015
,46,TRR,12,2012
,75,TRR,12,2015
,92,TRR,12,2015
,54,TRR,12,2015
,87,TRR,12,2015
,35,TRR,12,2015
,68,TRR,12,2015
,36,TRR,12,2015
,70,TRR,12,2015
,54,TRR,12,2015
,58,TRR,12,2015
,49,TRR,12,2015
,46,TRR,12,2015
,24,TRR,12,2015
,66,TRR,12,2015
,30,TRR,12,2015
,70,TRR,12,2015
,67,TRR,12,2015
,66,TRR,12,2015
,40,TRR,12,2015
,78,TRR,12,2015
,24,TRR,12,2015
,36,TRR,12,2015
,40,TRR,12,2015
,21,TRR,12,2015
,38,TRR,12,2015
,74,TRR,12,2015
,52,NTB,12,2014
,30,TRR,12,2015
,54,TRR,12,2015
,54,TRR,12,2015
,60,TRR,12,2015
,33,TRR,12,2015
,70,TRR,12,2015
,40,TRR,12,2015
,45,TRR,12,2015
,56,TRR,11,2015
,38,TRR,1,2012
,40,TRR,1,2016
,38,TRR,1,2016
,36,TRR,1,2016
,30,TRR,1,2016
,50,TRR,1,2016
,63,TRR,1,2016
,68,TRR,1,2016
,39,TRR,1,2016
,70,TRR,1,2016
,43,TRR,1,2016
,63,TRR,1,2016
,68,TRR,1,2016
,55,TRR,1,2016
,39,TRR,1,2016
,50,TRR,1,2016
,30,TRR,1,2012
,46,TRR,1,2016
,67,TRR,1,2016
,54,TRR,1,2016
,120,TRR,1,2016
,65,TRR,1,2016
,67,TRR,1,2016
,24,TRR,1,2016
,60,TRR,1,2016
,42,TRR,1,2016
,50,TRR,1,2016
,95,TRR,1,2016
,38,TRR,1,2016
,36,TRR,1,2016
,68,TRR,1,2016
,52,TRR,1,2016
,38,TRR,1,2016
,56,TRR,1,2016
,50,TRR,1,2016
,17,TRR,1,2016
,49,TRR,1,2016
,38,TRR,1,2016
,43,TRR,1,2016
,50,TRR,1,2016
,68,TRR,1,2016
,78,TRR,1,2016
,26,TRR,1,2016
,65,TRR,1,2016
,41,TRR,1,2016
,140,TRR,1,2016
,60,TRR,1,2016
,78,TRR,1,2016
,98,TRR,1,2016
,71,TRR,1,2016
,28,TRR,1,2016
,37,TRR,1,2016
,40,TRR,1,2016
,170,TRR,1,2016
,45,TRR,1,2016
,41,TRR,1,2016
,60,TRR,1,2016
,48,TRR,1,2016
,20,TRR,1,2016
,50,TRR,1,2016
,32,TRR,1,2016
,43,TRR,1,2016
,71,TRR,1,2016
,60,TRR,1,2016
,60,TRR,1,2016
,77,TRR,1,2016
,82,TRR,1,2016
,29,TRR,1,2016
,62,TRR,1,2016
,69,TRR,1,2016
,42,TRR,1,2016
,48,TRR,1,2016
,70,TRR,1,2016
,150,TRR,1,2016
,64,TRR,1,2016
,35,TRR,1,2016
,67,TRR,1,2016
,55,TRR,1,2016
,57,TRR,1,2016
,108,TRR,1,2016
,98,TRR,1,2016
,40,TRR,1,2016
,70,TRR,1,2016
,61,TRR,1,2016
,53,TRR,1,2016
,55,TRR,1,2016
,38,TRR,1,2016
,71,TRR,1,2016
,88,TRR,1,2016
,23,TRR,1,2016
,15,TRR,1,2016
,150,TRR,1,2016
,35,TRR,1,2016
,50,TRR,1,2016
,30,TRR,1,2016
,64,TRR,1,2016
,61,TRR,1,2016
,30,TRR,1,2016
,27,TRR,1,2016
,100,TRR,1,2016
,49,TRR,1,2016
,56,TRR,1,2016
,26,TRR,1,2012
,28,TRR,1,2016
,40,TRR,1,2016
,10,TRR,1,2016
,60,TRR,1,2016
,75,TRR,1,2016
,40,TRR,1,2016
,50,TRR,1,2016
,71,TRR,1,2016
,27,TRR,1,2012
,68,TRR,1,2016
,28,TRR,1,2012
,33,TRR,1,2016
,59,TRR,1,2016
,30,TRR,1,2016
,32,TRR,1,2016
,60,TRR,1,2016
,60,TRR,1,2016
,70,TRR,1,2016
,49,TRR,1,2016
,48,TRR,1,2016
,46,TRR,1,2016
,62,TRR,1,2016
,42,TRR,1,2012
,50,TRR,1,2016
,66,TRR,1,2016
,26,TRR,1,2016
,26,TRR,1,2012
,26,SRK,2,2016
,46,SRK,2,2016
,42,SRK,2,2016
,58,SRK,2,2016
,40,SRK,2,2016
,58,SRK,2,2016
,31,SRK,2,2016
,32,SRK,2,2016
,45,SRK,3,2016
,30,PLS,6,2016
,48,PLS,6,2016
,54,PLS,6,2016
,53,PLS,6,2016
,61,PLS,6,2016
,46,PLS,6,2016
,53,PLS,6,2016
,45,SRK,5,2016
